<?xml version="1.0" encoding="UTF-8"?>
<efxpt:design_db name="ti60-tsemac-linux" device_def="Ti60F225" version="2024.2.294.3.14" db_version="20241006" last_change_date="Mon Mar 17 10:53:45 2025" xmlns:efxpt="http://www.efinixinc.com/peri_design_db" xmlns:xsi="http://www.w3.org/2001/XMLSchema-instance" xsi:schemaLocation="http://www.efinixinc.com/peri_design_db peri_design_db.xsd ">
    <efxpt:device_info>
        <efxpt:iobank_info>
            <efxpt:iobank name="1A" iostd="1.8 V LVCMOS" is_dyn_voltage="false" mode_sel_name="1A_MODE_SEL"/>
            <efxpt:iobank name="1B" iostd="1.8 V LVCMOS" is_dyn_voltage="false" mode_sel_name="1B_MODE_SEL"/>
            <efxpt:iobank name="2A" iostd="1.8 V LVCMOS" is_dyn_voltage="false" mode_sel_name="2A_MODE_SEL"/>
            <efxpt:iobank name="2B" iostd="1.8 V LVCMOS" is_dyn_voltage="false" mode_sel_name="2B_MODE_SEL"/>
            <efxpt:iobank name="3A" iostd="1.8 V LVCMOS" is_dyn_voltage="false" mode_sel_name="3A_MODE_SEL"/>
            <efxpt:iobank name="3B" iostd="1.8 V LVCMOS" is_dyn_voltage="false" mode_sel_name="3B_MODE_SEL"/>
            <efxpt:iobank name="4A" iostd="1.8 V LVCMOS" is_dyn_voltage="false" mode_sel_name="4A_MODE_SEL"/>
            <efxpt:iobank name="4B" iostd="1.8 V LVCMOS" is_dyn_voltage="false" mode_sel_name="4B_MODE_SEL"/>
            <efxpt:iobank name="BL" iostd="1.8 V LVCMOS" is_dyn_voltage="false" mode_sel_name="BL_MODE_SEL"/>
            <efxpt:iobank name="BR" iostd="3.3 V LVCMOS" is_dyn_voltage="false" mode_sel_name="BR_MODE_SEL"/>
            <efxpt:iobank name="TL" iostd="3.3 V LVCMOS" is_dyn_voltage="false" mode_sel_name="TL_MODE_SEL"/>
            <efxpt:iobank name="TR" iostd="1.8 V LVCMOS" is_dyn_voltage="false" mode_sel_name="TR_MODE_SEL"/>
        </efxpt:iobank_info>
        <efxpt:ctrl_info>
            <efxpt:ctrl name="cfg" ctrl_def="CONFIG_CTRL0" clock_name="" is_clk_invert="false" cbsel_bus_name="cfg_CBSEL" config_ctrl_name="cfg_CONFIG" ena_capture_name="cfg_ENA" error_status_name="cfg_ERROR" um_signal_status_name="cfg_USR_STATUS" is_remote_update_enable="false" is_user_mode_enable="false"/>
        </efxpt:ctrl_info>
        <efxpt:seu_info>
            <efxpt:seu name="seu" block_def="CONFIG_SEU0" mode="auto" ena_detect="false" wait_interval="16500000">
                <efxpt:gen_pin>
                    <efxpt:pin name="seu_START" type_name="START" is_bus="false"/>
                    <efxpt:pin name="seu_INJECT_ERROR" type_name="INJECT_ERROR" is_bus="false"/>
                    <efxpt:pin name="seu_RST" type_name="RST" is_bus="false"/>
                    <efxpt:pin name="seu_CONFIG" type_name="CONFIG" is_bus="false"/>
                    <efxpt:pin name="seu_ERROR" type_name="ERROR" is_bus="false"/>
                    <efxpt:pin name="seu_DONE" type_name="DONE" is_bus="false"/>
                </efxpt:gen_pin>
            </efxpt:seu>
        </efxpt:seu_info>
        <efxpt:clkmux_info>
            <efxpt:clkmux name="CLKMUX_B" block_def="CLKMUX_B" is_mux_bot0_dyn="false" is_mux_bot7_dyn="false">
                <efxpt:gen_pin>
                    <efxpt:pin name="" type_name="DYN_MUX_SEL_7" is_bus="true"/>
                    <efxpt:pin name="" type_name="DYN_MUX_OUT_7" is_bus="false"/>
                    <efxpt:pin name="" type_name="ROUTE0" is_bus="false" is_clk="true" is_clk_invert="false"/>
                    <efxpt:pin name="" type_name="ROUTE1" is_bus="false" is_clk="true" is_clk_invert="false"/>
                    <efxpt:pin name="" type_name="ROUTE2" is_bus="false" is_clk="true" is_clk_invert="false"/>
                    <efxpt:pin name="" type_name="ROUTE3" is_bus="false" is_clk="true" is_clk_invert="false"/>
                    <efxpt:pin name="" type_name="DYN_MUX_OUT_0" is_bus="false"/>
                    <efxpt:pin name="" type_name="DYN_MUX_SEL_0" is_bus="true"/>
                </efxpt:gen_pin>
            </efxpt:clkmux>
            <efxpt:clkmux name="CLKMUX_L" block_def="CLKMUX_L" is_mux_bot0_dyn="false" is_mux_bot7_dyn="false">
                <efxpt:gen_pin>
                    <efxpt:pin name="" type_name="DYN_MUX_SEL_7" is_bus="true"/>
                    <efxpt:pin name="" type_name="DYN_MUX_OUT_7" is_bus="false"/>
                    <efxpt:pin name="" type_name="ROUTE0" is_bus="false" is_clk="true" is_clk_invert="false"/>
                    <efxpt:pin name="" type_name="ROUTE1" is_bus="false" is_clk="true" is_clk_invert="false"/>
                    <efxpt:pin name="" type_name="ROUTE2" is_bus="false" is_clk="true" is_clk_invert="false"/>
                    <efxpt:pin name="" type_name="ROUTE3" is_bus="false" is_clk="true" is_clk_invert="false"/>
                    <efxpt:pin name="" type_name="DYN_MUX_OUT_0" is_bus="false"/>
                    <efxpt:pin name="" type_name="DYN_MUX_SEL_0" is_bus="true"/>
                </efxpt:gen_pin>
            </efxpt:clkmux>
            <efxpt:clkmux name="CLKMUX_R" block_def="CLKMUX_R" is_mux_bot0_dyn="true" is_mux_bot7_dyn="false">
                <efxpt:gen_pin>
                    <efxpt:pin name="" type_name="DYN_MUX_SEL_7" is_bus="true"/>
                    <efxpt:pin name="" type_name="DYN_MUX_OUT_7" is_bus="false"/>
                    <efxpt:pin name="" type_name="ROUTE0" is_bus="false" is_clk="true" is_clk_invert="false"/>
                    <efxpt:pin name="" type_name="ROUTE1" is_bus="false" is_clk="true" is_clk_invert="false"/>
                    <efxpt:pin name="" type_name="ROUTE2" is_bus="false" is_clk="true" is_clk_invert="false"/>
                    <efxpt:pin name="" type_name="ROUTE3" is_bus="false" is_clk="true" is_clk_invert="false"/>
                    <efxpt:pin name="mux_clk" type_name="DYN_MUX_OUT_0" is_bus="false"/>
                    <efxpt:pin name="mux_clk_sw" type_name="DYN_MUX_SEL_0" is_bus="true"/>
                </efxpt:gen_pin>
                <efxpt:dyn_mux0_inputs>
                    <efxpt:dyn_input index="0" resource="GPIOR_PN_11" resource_pin="DOUT_EVENP" is_static="true"/>
                    <efxpt:dyn_input index="3" resource="PLL_TR0" resource_pin="CLKOUT0" is_static="true"/>
                </efxpt:dyn_mux0_inputs>
            </efxpt:clkmux>
            <efxpt:clkmux name="CLKMUX_T" block_def="CLKMUX_T" is_mux_bot0_dyn="false" is_mux_bot7_dyn="false">
                <efxpt:gen_pin>
                    <efxpt:pin name="" type_name="DYN_MUX_SEL_7" is_bus="true"/>
                    <efxpt:pin name="" type_name="DYN_MUX_OUT_7" is_bus="false"/>
                    <efxpt:pin name="" type_name="ROUTE0" is_bus="false" is_clk="true" is_clk_invert="false"/>
                    <efxpt:pin name="" type_name="ROUTE1" is_bus="false" is_clk="true" is_clk_invert="false"/>
                    <efxpt:pin name="" type_name="ROUTE2" is_bus="false" is_clk="true" is_clk_invert="false"/>
                    <efxpt:pin name="" type_name="ROUTE3" is_bus="false" is_clk="true" is_clk_invert="false"/>
                    <efxpt:pin name="mux_clk" type_name="DYN_MUX_OUT_0" is_bus="false"/>
                    <efxpt:pin name="mux_clk_sw" type_name="DYN_MUX_SEL_0" is_bus="true"/>
                </efxpt:gen_pin>
            </efxpt:clkmux>
        </efxpt:clkmux_info>
    </efxpt:device_info>
    <efxpt:gpio_info>
        <efxpt:comp_gpio name="B0" gpio_def="GPIOR_P_07" mode="output" bus_name="" io_standard="1.8 V LVCMOS">
            <efxpt:output_config name="B0" name_ddio_lo="" register_option="none" clock_name="" is_clock_inverted="false" is_slew_rate="false" tied_option="__gnd__" ddio_type="none" delay="0" is_serial="false" drive_strength="4" fastclk_name=""/>
        </efxpt:comp_gpio>
        <efxpt:comp_gpio name="G1" gpio_def="GPIOR_N_08" mode="output" bus_name="" io_standard="1.8 V LVCMOS">
            <efxpt:output_config name="G1" name_ddio_lo="" register_option="none" clock_name="" is_clock_inverted="false" is_slew_rate="false" tied_option="__gnd__" ddio_type="none" delay="0" is_serial="false" drive_strength="4" fastclk_name=""/>
        </efxpt:comp_gpio>
        <efxpt:comp_gpio name="R0" gpio_def="GPIOR_P_09" mode="output" bus_name="" io_standard="1.8 V LVCMOS">
            <efxpt:output_config name="R0" name_ddio_lo="" register_option="none" clock_name="" is_clock_inverted="false" is_slew_rate="false" tied_option="__gnd__" ddio_type="none" delay="0" is_serial="false" drive_strength="4" fastclk_name=""/>
        </efxpt:comp_gpio>
        <efxpt:comp_gpio name="R1" gpio_def="GPIOR_N_09" mode="output" bus_name="" io_standard="1.8 V LVCMOS">
            <efxpt:output_config name="R1" name_ddio_lo="" register_option="none" clock_name="" is_clock_inverted="false" is_slew_rate="false" tied_option="__gnd__" ddio_type="none" delay="0" is_serial="false" drive_strength="4" fastclk_name=""/>
        </efxpt:comp_gpio>
        <efxpt:comp_gpio name="db_pin[0]" gpio_def="GPIOB_P_13" mode="output" bus_name="db_pin" io_standard="1.8 V LVCMOS">
            <efxpt:output_config name="db_pin[0]" name_ddio_lo="" register_option="none" clock_name="" is_clock_inverted="false" is_slew_rate="false" tied_option="none" ddio_type="none" delay="0" is_serial="false" drive_strength="4" fastclk_name=""/>
        </efxpt:comp_gpio>
        <efxpt:comp_gpio name="db_pin[1]" gpio_def="GPIOB_N_13" mode="output" bus_name="db_pin" io_standard="1.8 V LVCMOS">
            <efxpt:output_config name="db_pin[1]" name_ddio_lo="" register_option="none" clock_name="" is_clock_inverted="false" is_slew_rate="false" tied_option="none" ddio_type="none" delay="0" is_serial="false" drive_strength="4" fastclk_name=""/>
        </efxpt:comp_gpio>
        <efxpt:comp_gpio name="db_pin[2]" gpio_def="GPIOB_P_14" mode="output" bus_name="db_pin" io_standard="1.8 V LVCMOS">
            <efxpt:output_config name="db_pin[2]" name_ddio_lo="" register_option="none" clock_name="" is_clock_inverted="false" is_slew_rate="false" tied_option="none" ddio_type="none" delay="0" is_serial="false" drive_strength="4" fastclk_name=""/>
        </efxpt:comp_gpio>
        <efxpt:comp_gpio name="db_pin[3]" gpio_def="GPIOB_N_14" mode="output" bus_name="db_pin" io_standard="1.8 V LVCMOS">
            <efxpt:output_config name="db_pin[3]" name_ddio_lo="" register_option="none" clock_name="" is_clock_inverted="false" is_slew_rate="false" tied_option="none" ddio_type="none" delay="0" is_serial="false" drive_strength="4" fastclk_name=""/>
        </efxpt:comp_gpio>
        <efxpt:comp_gpio name="hbc_cal_pass" gpio_def="GPIOR_N_07" mode="output" bus_name="" io_standard="1.8 V LVCMOS">
            <efxpt:output_config name="hbc_cal_pass" name_ddio_lo="" register_option="none" clock_name="" is_clock_inverted="false" is_slew_rate="false" tied_option="none" ddio_type="none" delay="0" is_serial="false" drive_strength="4" fastclk_name=""/>
        </efxpt:comp_gpio>
        <efxpt:comp_gpio name="hbc_ck_n" gpio_def="GPIOT_N_06" mode="output" bus_name="" io_standard="1.8 V LVCMOS">
            <efxpt:output_config name="hbc_ck_n_HI" name_ddio_lo="hbc_ck_n_LO" register_option="register" clock_name="ram_clk90" is_clock_inverted="true" is_slew_rate="false" tied_option="none" ddio_type="normal" delay="0" is_serial="false" drive_strength="4" fastclk_name=""/>
        </efxpt:comp_gpio>
        <efxpt:comp_gpio name="hbc_ck_p" gpio_def="GPIOT_P_06" mode="output" bus_name="" io_standard="1.8 V LVCMOS">
            <efxpt:output_config name="hbc_ck_p_HI" name_ddio_lo="hbc_ck_p_LO" register_option="register" clock_name="ram_clk90" is_clock_inverted="true" is_slew_rate="false" tied_option="none" ddio_type="normal" delay="0" is_serial="false" drive_strength="4" fastclk_name=""/>
        </efxpt:comp_gpio>
        <efxpt:comp_gpio name="hbc_cs_n" gpio_def="GPIOT_N_07" mode="output" bus_name="" io_standard="1.8 V LVCMOS">
            <efxpt:output_config name="hbc_cs_n" name_ddio_lo="" register_option="register" clock_name="ram_clk" is_clock_inverted="false" is_slew_rate="false" tied_option="none" ddio_type="none" delay="0" is_serial="false" drive_strength="4" fastclk_name=""/>
        </efxpt:comp_gpio>
        <efxpt:comp_gpio name="hbc_dq[0]" gpio_def="GPIOT_P_01" mode="inout" bus_name="hbc_dq" io_standard="1.8 V LVCMOS">
            <efxpt:input_config name="hbc_dq_IN_HI[0]" name_ddio_lo="hbc_dq_IN_LO[0]" conn_type="normal" is_register="true" clock_name="ram_clk_cal" is_clock_inverted="false" pull_option="weak pulldown" is_schmitt_trigger="false" ddio_type="resync" is_bus_hold="false" delay="0" is_serial="false" is_dyn_delay="false" fastclk_name="" pullup_ena_name="hbc_dq_PULL_UP_ENA[0]" dyn_delay_en_name="hbc_dq_DLY_ENA[0]" dyn_delay_reset_name="hbc_dq_DLY_RST[0]" dyn_delay_ctrl_name="hbc_dq_DLY_CTRL[0]" clkmux_buf_name=""/>
            <efxpt:output_config name="hbc_dq_OUT_HI[0]" name_ddio_lo="hbc_dq_OUT_LO[0]" register_option="register" clock_name="ram_clk" is_clock_inverted="true" is_slew_rate="false" tied_option="none" ddio_type="normal" delay="0" is_serial="false" drive_strength="4" fastclk_name=""/>
            <efxpt:output_enable_config name="hbc_dq_OE[0]" is_register="true" clock_name="ram_clk" is_clock_inverted="true" name_oen="hbc_dq_OEN[0]"/>
        </efxpt:comp_gpio>
        <efxpt:comp_gpio name="hbc_dq[10]" gpio_def="GPIOT_P_12" mode="inout" bus_name="hbc_dq" io_standard="1.8 V LVCMOS">
            <efxpt:input_config name="hbc_dq_IN_HI[10]" name_ddio_lo="hbc_dq_IN_LO[10]" conn_type="normal" is_register="true" clock_name="ram_clk_cal" is_clock_inverted="false" pull_option="weak pulldown" is_schmitt_trigger="false" ddio_type="resync" is_bus_hold="false" delay="0" is_serial="false" is_dyn_delay="false" fastclk_name="" pullup_ena_name="hbc_dq_PULL_UP_ENA[10]" dyn_delay_en_name="hbc_dq_DLY_ENA[10]" dyn_delay_reset_name="hbc_dq_DLY_RST[10]" dyn_delay_ctrl_name="hbc_dq_DLY_CTRL[10]" clkmux_buf_name=""/>
            <efxpt:output_config name="hbc_dq_OUT_HI[10]" name_ddio_lo="hbc_dq_OUT_LO[10]" register_option="register" clock_name="ram_clk" is_clock_inverted="true" is_slew_rate="false" tied_option="none" ddio_type="normal" delay="0" is_serial="false" drive_strength="4" fastclk_name=""/>
            <efxpt:output_enable_config name="hbc_dq_OE[10]" is_register="true" clock_name="ram_clk" is_clock_inverted="true" name_oen="hbc_dq_OEN[10]"/>
        </efxpt:comp_gpio>
        <efxpt:comp_gpio name="hbc_dq[11]" gpio_def="GPIOT_N_12" mode="inout" bus_name="hbc_dq" io_standard="1.8 V LVCMOS">
            <efxpt:input_config name="hbc_dq_IN_HI[11]" name_ddio_lo="hbc_dq_IN_LO[11]" conn_type="normal" is_register="true" clock_name="ram_clk_cal" is_clock_inverted="false" pull_option="weak pulldown" is_schmitt_trigger="false" ddio_type="resync" is_bus_hold="false" delay="0" is_serial="false" is_dyn_delay="false" fastclk_name="" pullup_ena_name="hbc_dq_PULL_UP_ENA[11]" dyn_delay_en_name="hbc_dq_DLY_ENA[11]" dyn_delay_reset_name="hbc_dq_DLY_RST[11]" dyn_delay_ctrl_name="hbc_dq_DLY_CTRL[11]" clkmux_buf_name=""/>
            <efxpt:output_config name="hbc_dq_OUT_HI[11]" name_ddio_lo="hbc_dq_OUT_LO[11]" register_option="register" clock_name="ram_clk" is_clock_inverted="true" is_slew_rate="false" tied_option="none" ddio_type="normal" delay="0" is_serial="false" drive_strength="4" fastclk_name=""/>
            <efxpt:output_enable_config name="hbc_dq_OE[11]" is_register="true" clock_name="ram_clk" is_clock_inverted="true" name_oen="hbc_dq_OEN[11]"/>
        </efxpt:comp_gpio>
        <efxpt:comp_gpio name="hbc_dq[12]" gpio_def="GPIOT_P_13" mode="inout" bus_name="hbc_dq" io_standard="1.8 V LVCMOS">
            <efxpt:input_config name="hbc_dq_IN_HI[12]" name_ddio_lo="hbc_dq_IN_LO[12]" conn_type="normal" is_register="true" clock_name="ram_clk_cal" is_clock_inverted="false" pull_option="weak pulldown" is_schmitt_trigger="false" ddio_type="resync" is_bus_hold="false" delay="0" is_serial="false" is_dyn_delay="false" fastclk_name="" pullup_ena_name="hbc_dq_PULL_UP_ENA[12]" dyn_delay_en_name="hbc_dq_DLY_ENA[12]" dyn_delay_reset_name="hbc_dq_DLY_RST[12]" dyn_delay_ctrl_name="hbc_dq_DLY_CTRL[12]" clkmux_buf_name=""/>
            <efxpt:output_config name="hbc_dq_OUT_HI[12]" name_ddio_lo="hbc_dq_OUT_LO[12]" register_option="register" clock_name="ram_clk" is_clock_inverted="true" is_slew_rate="false" tied_option="none" ddio_type="normal" delay="0" is_serial="false" drive_strength="4" fastclk_name=""/>
            <efxpt:output_enable_config name="hbc_dq_OE[12]" is_register="true" clock_name="ram_clk" is_clock_inverted="true" name_oen="hbc_dq_OEN[12]"/>
        </efxpt:comp_gpio>
        <efxpt:comp_gpio name="hbc_dq[13]" gpio_def="GPIOT_N_13" mode="inout" bus_name="hbc_dq" io_standard="1.8 V LVCMOS">
            <efxpt:input_config name="hbc_dq_IN_HI[13]" name_ddio_lo="hbc_dq_IN_LO[13]" conn_type="normal" is_register="true" clock_name="ram_clk_cal" is_clock_inverted="false" pull_option="weak pulldown" is_schmitt_trigger="false" ddio_type="resync" is_bus_hold="false" delay="0" is_serial="false" is_dyn_delay="false" fastclk_name="" pullup_ena_name="hbc_dq_PULL_UP_ENA[13]" dyn_delay_en_name="hbc_dq_DLY_ENA[13]" dyn_delay_reset_name="hbc_dq_DLY_RST[13]" dyn_delay_ctrl_name="hbc_dq_DLY_CTRL[13]" clkmux_buf_name=""/>
            <efxpt:output_config name="hbc_dq_OUT_HI[13]" name_ddio_lo="hbc_dq_OUT_LO[13]" register_option="register" clock_name="ram_clk" is_clock_inverted="true" is_slew_rate="false" tied_option="none" ddio_type="normal" delay="0" is_serial="false" drive_strength="4" fastclk_name=""/>
            <efxpt:output_enable_config name="hbc_dq_OE[13]" is_register="true" clock_name="ram_clk" is_clock_inverted="true" name_oen="hbc_dq_OEN[13]"/>
        </efxpt:comp_gpio>
        <efxpt:comp_gpio name="hbc_dq[14]" gpio_def="GPIOT_P_14" mode="inout" bus_name="hbc_dq" io_standard="1.8 V LVCMOS">
            <efxpt:input_config name="hbc_dq_IN_HI[14]" name_ddio_lo="hbc_dq_IN_LO[14]" conn_type="normal" is_register="true" clock_name="ram_clk_cal" is_clock_inverted="false" pull_option="weak pulldown" is_schmitt_trigger="false" ddio_type="resync" is_bus_hold="false" delay="0" is_serial="false" is_dyn_delay="false" fastclk_name="" pullup_ena_name="hbc_dq_PULL_UP_ENA[14]" dyn_delay_en_name="hbc_dq_DLY_ENA[14]" dyn_delay_reset_name="hbc_dq_DLY_RST[14]" dyn_delay_ctrl_name="hbc_dq_DLY_CTRL[14]" clkmux_buf_name=""/>
            <efxpt:output_config name="hbc_dq_OUT_HI[14]" name_ddio_lo="hbc_dq_OUT_LO[14]" register_option="register" clock_name="ram_clk" is_clock_inverted="true" is_slew_rate="false" tied_option="none" ddio_type="normal" delay="0" is_serial="false" drive_strength="4" fastclk_name=""/>
            <efxpt:output_enable_config name="hbc_dq_OE[14]" is_register="true" clock_name="ram_clk" is_clock_inverted="true" name_oen="hbc_dq_OEN[14]"/>
        </efxpt:comp_gpio>
        <efxpt:comp_gpio name="hbc_dq[15]" gpio_def="GPIOT_N_14" mode="inout" bus_name="hbc_dq" io_standard="1.8 V LVCMOS">
            <efxpt:input_config name="hbc_dq_IN_HI[15]" name_ddio_lo="hbc_dq_IN_LO[15]" conn_type="normal" is_register="true" clock_name="ram_clk_cal" is_clock_inverted="false" pull_option="weak pulldown" is_schmitt_trigger="false" ddio_type="resync" is_bus_hold="false" delay="0" is_serial="false" is_dyn_delay="false" fastclk_name="" pullup_ena_name="hbc_dq_PULL_UP_ENA[15]" dyn_delay_en_name="hbc_dq_DLY_ENA[15]" dyn_delay_reset_name="hbc_dq_DLY_RST[15]" dyn_delay_ctrl_name="hbc_dq_DLY_CTRL[15]" clkmux_buf_name=""/>
            <efxpt:output_config name="hbc_dq_OUT_HI[15]" name_ddio_lo="hbc_dq_OUT_LO[15]" register_option="register" clock_name="ram_clk" is_clock_inverted="true" is_slew_rate="false" tied_option="none" ddio_type="normal" delay="0" is_serial="false" drive_strength="4" fastclk_name=""/>
            <efxpt:output_enable_config name="hbc_dq_OE[15]" is_register="true" clock_name="ram_clk" is_clock_inverted="true" name_oen="hbc_dq_OEN[15]"/>
        </efxpt:comp_gpio>
        <efxpt:comp_gpio name="hbc_dq[1]" gpio_def="GPIOT_N_01" mode="inout" bus_name="hbc_dq" io_standard="1.8 V LVCMOS">
            <efxpt:input_config name="hbc_dq_IN_HI[1]" name_ddio_lo="hbc_dq_IN_LO[1]" conn_type="normal" is_register="true" clock_name="ram_clk_cal" is_clock_inverted="false" pull_option="weak pulldown" is_schmitt_trigger="false" ddio_type="resync" is_bus_hold="false" delay="0" is_serial="false" is_dyn_delay="false" fastclk_name="" pullup_ena_name="hbc_dq_PULL_UP_ENA[1]" dyn_delay_en_name="hbc_dq_DLY_ENA[1]" dyn_delay_reset_name="hbc_dq_DLY_RST[1]" dyn_delay_ctrl_name="hbc_dq_DLY_CTRL[1]" clkmux_buf_name=""/>
            <efxpt:output_config name="hbc_dq_OUT_HI[1]" name_ddio_lo="hbc_dq_OUT_LO[1]" register_option="register" clock_name="ram_clk" is_clock_inverted="true" is_slew_rate="false" tied_option="none" ddio_type="normal" delay="0" is_serial="false" drive_strength="4" fastclk_name=""/>
            <efxpt:output_enable_config name="hbc_dq_OE[1]" is_register="true" clock_name="ram_clk" is_clock_inverted="true" name_oen="hbc_dq_OEN[1]"/>
        </efxpt:comp_gpio>
        <efxpt:comp_gpio name="hbc_dq[2]" gpio_def="GPIOT_P_03" mode="inout" bus_name="hbc_dq" io_standard="1.8 V LVCMOS">
            <efxpt:input_config name="hbc_dq_IN_HI[2]" name_ddio_lo="hbc_dq_IN_LO[2]" conn_type="normal" is_register="true" clock_name="ram_clk_cal" is_clock_inverted="false" pull_option="weak pulldown" is_schmitt_trigger="false" ddio_type="resync" is_bus_hold="false" delay="0" is_serial="false" is_dyn_delay="false" fastclk_name="" pullup_ena_name="hbc_dq_PULL_UP_ENA[2]" dyn_delay_en_name="hbc_dq_DLY_ENA[2]" dyn_delay_reset_name="hbc_dq_DLY_RST[2]" dyn_delay_ctrl_name="hbc_dq_DLY_CTRL[2]" clkmux_buf_name=""/>
            <efxpt:output_config name="hbc_dq_OUT_HI[2]" name_ddio_lo="hbc_dq_OUT_LO[2]" register_option="register" clock_name="ram_clk" is_clock_inverted="true" is_slew_rate="false" tied_option="none" ddio_type="normal" delay="0" is_serial="false" drive_strength="4" fastclk_name=""/>
            <efxpt:output_enable_config name="hbc_dq_OE[2]" is_register="true" clock_name="ram_clk" is_clock_inverted="true" name_oen="hbc_dq_OEN[2]"/>
        </efxpt:comp_gpio>
        <efxpt:comp_gpio name="hbc_dq[3]" gpio_def="GPIOT_N_03" mode="inout" bus_name="hbc_dq" io_standard="1.8 V LVCMOS">
            <efxpt:input_config name="hbc_dq_IN_HI[3]" name_ddio_lo="hbc_dq_IN_LO[3]" conn_type="normal" is_register="true" clock_name="ram_clk_cal" is_clock_inverted="false" pull_option="weak pulldown" is_schmitt_trigger="false" ddio_type="resync" is_bus_hold="false" delay="0" is_serial="false" is_dyn_delay="false" fastclk_name="" pullup_ena_name="hbc_dq_PULL_UP_ENA[3]" dyn_delay_en_name="hbc_dq_DLY_ENA[3]" dyn_delay_reset_name="hbc_dq_DLY_RST[3]" dyn_delay_ctrl_name="hbc_dq_DLY_CTRL[3]" clkmux_buf_name=""/>
            <efxpt:output_config name="hbc_dq_OUT_HI[3]" name_ddio_lo="hbc_dq_OUT_LO[3]" register_option="register" clock_name="ram_clk" is_clock_inverted="true" is_slew_rate="false" tied_option="none" ddio_type="normal" delay="0" is_serial="false" drive_strength="4" fastclk_name=""/>
            <efxpt:output_enable_config name="hbc_dq_OE[3]" is_register="true" clock_name="ram_clk" is_clock_inverted="true" name_oen="hbc_dq_OEN[3]"/>
        </efxpt:comp_gpio>
        <efxpt:comp_gpio name="hbc_dq[4]" gpio_def="GPIOT_P_04" mode="inout" bus_name="hbc_dq" io_standard="1.8 V LVCMOS">
            <efxpt:input_config name="hbc_dq_IN_HI[4]" name_ddio_lo="hbc_dq_IN_LO[4]" conn_type="normal" is_register="true" clock_name="ram_clk_cal" is_clock_inverted="false" pull_option="weak pulldown" is_schmitt_trigger="false" ddio_type="resync" is_bus_hold="false" delay="0" is_serial="false" is_dyn_delay="false" fastclk_name="" pullup_ena_name="hbc_dq_PULL_UP_ENA[4]" dyn_delay_en_name="hbc_dq_DLY_ENA[4]" dyn_delay_reset_name="hbc_dq_DLY_RST[4]" dyn_delay_ctrl_name="hbc_dq_DLY_CTRL[4]" clkmux_buf_name=""/>
            <efxpt:output_config name="hbc_dq_OUT_HI[4]" name_ddio_lo="hbc_dq_OUT_LO[4]" register_option="register" clock_name="ram_clk" is_clock_inverted="true" is_slew_rate="false" tied_option="none" ddio_type="normal" delay="0" is_serial="false" drive_strength="4" fastclk_name=""/>
            <efxpt:output_enable_config name="hbc_dq_OE[4]" is_register="true" clock_name="ram_clk" is_clock_inverted="true" name_oen="hbc_dq_OEN[4]"/>
        </efxpt:comp_gpio>
        <efxpt:comp_gpio name="hbc_dq[5]" gpio_def="GPIOT_N_04" mode="inout" bus_name="hbc_dq" io_standard="1.8 V LVCMOS">
            <efxpt:input_config name="hbc_dq_IN_HI[5]" name_ddio_lo="hbc_dq_IN_LO[5]" conn_type="normal" is_register="true" clock_name="ram_clk_cal" is_clock_inverted="false" pull_option="weak pulldown" is_schmitt_trigger="false" ddio_type="resync" is_bus_hold="false" delay="0" is_serial="false" is_dyn_delay="false" fastclk_name="" pullup_ena_name="hbc_dq_PULL_UP_ENA[5]" dyn_delay_en_name="hbc_dq_DLY_ENA[5]" dyn_delay_reset_name="hbc_dq_DLY_RST[5]" dyn_delay_ctrl_name="hbc_dq_DLY_CTRL[5]" clkmux_buf_name=""/>
            <efxpt:output_config name="hbc_dq_OUT_HI[5]" name_ddio_lo="hbc_dq_OUT_LO[5]" register_option="register" clock_name="ram_clk" is_clock_inverted="true" is_slew_rate="false" tied_option="none" ddio_type="normal" delay="0" is_serial="false" drive_strength="4" fastclk_name=""/>
            <efxpt:output_enable_config name="hbc_dq_OE[5]" is_register="true" clock_name="ram_clk" is_clock_inverted="true" name_oen="hbc_dq_OEN[5]"/>
        </efxpt:comp_gpio>
        <efxpt:comp_gpio name="hbc_dq[6]" gpio_def="GPIOT_P_05" mode="inout" bus_name="hbc_dq" io_standard="1.8 V LVCMOS">
            <efxpt:input_config name="hbc_dq_IN_HI[6]" name_ddio_lo="hbc_dq_IN_LO[6]" conn_type="normal" is_register="true" clock_name="ram_clk_cal" is_clock_inverted="false" pull_option="weak pulldown" is_schmitt_trigger="false" ddio_type="resync" is_bus_hold="false" delay="0" is_serial="false" is_dyn_delay="false" fastclk_name="" pullup_ena_name="hbc_dq_PULL_UP_ENA[6]" dyn_delay_en_name="hbc_dq_DLY_ENA[6]" dyn_delay_reset_name="hbc_dq_DLY_RST[6]" dyn_delay_ctrl_name="hbc_dq_DLY_CTRL[6]" clkmux_buf_name=""/>
            <efxpt:output_config name="hbc_dq_OUT_HI[6]" name_ddio_lo="hbc_dq_OUT_LO[6]" register_option="register" clock_name="ram_clk" is_clock_inverted="true" is_slew_rate="false" tied_option="none" ddio_type="normal" delay="0" is_serial="false" drive_strength="4" fastclk_name=""/>
            <efxpt:output_enable_config name="hbc_dq_OE[6]" is_register="true" clock_name="ram_clk" is_clock_inverted="true" name_oen="hbc_dq_OEN[6]"/>
        </efxpt:comp_gpio>
        <efxpt:comp_gpio name="hbc_dq[7]" gpio_def="GPIOT_N_05" mode="inout" bus_name="hbc_dq" io_standard="1.8 V LVCMOS">
            <efxpt:input_config name="hbc_dq_IN_HI[7]" name_ddio_lo="hbc_dq_IN_LO[7]" conn_type="normal" is_register="true" clock_name="ram_clk_cal" is_clock_inverted="false" pull_option="weak pulldown" is_schmitt_trigger="false" ddio_type="resync" is_bus_hold="false" delay="0" is_serial="false" is_dyn_delay="false" fastclk_name="" pullup_ena_name="hbc_dq_PULL_UP_ENA[7]" dyn_delay_en_name="hbc_dq_DLY_ENA[7]" dyn_delay_reset_name="hbc_dq_DLY_RST[7]" dyn_delay_ctrl_name="hbc_dq_DLY_CTRL[7]" clkmux_buf_name=""/>
            <efxpt:output_config name="hbc_dq_OUT_HI[7]" name_ddio_lo="hbc_dq_OUT_LO[7]" register_option="register" clock_name="ram_clk" is_clock_inverted="true" is_slew_rate="false" tied_option="none" ddio_type="normal" delay="0" is_serial="false" drive_strength="4" fastclk_name=""/>
            <efxpt:output_enable_config name="hbc_dq_OE[7]" is_register="true" clock_name="ram_clk" is_clock_inverted="true" name_oen="hbc_dq_OEN[7]"/>
        </efxpt:comp_gpio>
        <efxpt:comp_gpio name="hbc_dq[8]" gpio_def="GPIOT_P_11" mode="inout" bus_name="hbc_dq" io_standard="1.8 V LVCMOS">
            <efxpt:input_config name="hbc_dq_IN_HI[8]" name_ddio_lo="hbc_dq_IN_LO[8]" conn_type="normal" is_register="true" clock_name="ram_clk_cal" is_clock_inverted="false" pull_option="weak pulldown" is_schmitt_trigger="false" ddio_type="resync" is_bus_hold="false" delay="0" is_serial="false" is_dyn_delay="false" fastclk_name="" pullup_ena_name="hbc_dq_PULL_UP_ENA[8]" dyn_delay_en_name="hbc_dq_DLY_ENA[8]" dyn_delay_reset_name="hbc_dq_DLY_RST[8]" dyn_delay_ctrl_name="hbc_dq_DLY_CTRL[8]" clkmux_buf_name=""/>
            <efxpt:output_config name="hbc_dq_OUT_HI[8]" name_ddio_lo="hbc_dq_OUT_LO[8]" register_option="register" clock_name="ram_clk" is_clock_inverted="true" is_slew_rate="false" tied_option="none" ddio_type="normal" delay="0" is_serial="false" drive_strength="4" fastclk_name=""/>
            <efxpt:output_enable_config name="hbc_dq_OE[8]" is_register="true" clock_name="ram_clk" is_clock_inverted="true" name_oen="hbc_dq_OEN[8]"/>
        </efxpt:comp_gpio>
        <efxpt:comp_gpio name="hbc_dq[9]" gpio_def="GPIOT_N_11" mode="inout" bus_name="hbc_dq" io_standard="1.8 V LVCMOS">
            <efxpt:input_config name="hbc_dq_IN_HI[9]" name_ddio_lo="hbc_dq_IN_LO[9]" conn_type="normal" is_register="true" clock_name="ram_clk_cal" is_clock_inverted="false" pull_option="weak pulldown" is_schmitt_trigger="false" ddio_type="resync" is_bus_hold="false" delay="0" is_serial="false" is_dyn_delay="false" fastclk_name="" pullup_ena_name="hbc_dq_PULL_UP_ENA[9]" dyn_delay_en_name="hbc_dq_DLY_ENA[9]" dyn_delay_reset_name="hbc_dq_DLY_RST[9]" dyn_delay_ctrl_name="hbc_dq_DLY_CTRL[9]" clkmux_buf_name=""/>
            <efxpt:output_config name="hbc_dq_OUT_HI[9]" name_ddio_lo="hbc_dq_OUT_LO[9]" register_option="register" clock_name="ram_clk" is_clock_inverted="true" is_slew_rate="false" tied_option="none" ddio_type="normal" delay="0" is_serial="false" drive_strength="4" fastclk_name=""/>
            <efxpt:output_enable_config name="hbc_dq_OE[9]" is_register="true" clock_name="ram_clk" is_clock_inverted="true" name_oen="hbc_dq_OEN[9]"/>
        </efxpt:comp_gpio>
        <efxpt:comp_gpio name="hbc_rst_n" gpio_def="GPIOT_N_00" mode="output" bus_name="" io_standard="1.8 V LVCMOS">
            <efxpt:output_config name="hbc_rst_n" name_ddio_lo="" register_option="none" clock_name="" is_clock_inverted="false" is_slew_rate="false" tied_option="none" ddio_type="none" delay="0" is_serial="false" drive_strength="4" fastclk_name=""/>
        </efxpt:comp_gpio>
        <efxpt:comp_gpio name="hbc_rwds[0]" gpio_def="GPIOT_P_07" mode="inout" bus_name="hbc_rwds" io_standard="1.8 V LVCMOS">
            <efxpt:input_config name="hbc_rwds_IN_HI[0]" name_ddio_lo="hbc_rwds_IN_LO[0]" conn_type="normal" is_register="true" clock_name="ram_clk_cal" is_clock_inverted="false" pull_option="weak pullup" is_schmitt_trigger="false" ddio_type="resync" is_bus_hold="false" delay="0" is_serial="false" is_dyn_delay="false" fastclk_name="" pullup_ena_name="hbc_rwds_PULL_UP_ENA[0]" dyn_delay_en_name="hbc_rwds_DLY_ENA[0]" dyn_delay_reset_name="hbc_rwds_DLY_RST[0]" dyn_delay_ctrl_name="hbc_rwds_DLY_CTRL[0]" clkmux_buf_name=""/>
            <efxpt:output_config name="hbc_rwds_OUT_HI[0]" name_ddio_lo="hbc_rwds_OUT_LO[0]" register_option="register" clock_name="ram_clk" is_clock_inverted="false" is_slew_rate="false" tied_option="none" ddio_type="normal" delay="0" is_serial="false" drive_strength="4" fastclk_name=""/>
            <efxpt:output_enable_config name="hbc_rwds_OE[0]" is_register="true" clock_name="ram_clk" is_clock_inverted="false" name_oen="hbc_rwds_OEN[0]"/>
        </efxpt:comp_gpio>
        <efxpt:comp_gpio name="hbc_rwds[1]" gpio_def="GPIOT_P_10" mode="inout" bus_name="hbc_rwds" io_standard="1.8 V LVCMOS">
            <efxpt:input_config name="hbc_rwds_IN_HI[1]" name_ddio_lo="hbc_rwds_IN_LO[1]" conn_type="normal" is_register="true" clock_name="ram_clk_cal" is_clock_inverted="false" pull_option="weak pullup" is_schmitt_trigger="false" ddio_type="resync" is_bus_hold="false" delay="0" is_serial="false" is_dyn_delay="false" fastclk_name="" pullup_ena_name="hbc_rwds_PULL_UP_ENA[1]" dyn_delay_en_name="hbc_rwds_DLY_ENA[1]" dyn_delay_reset_name="hbc_rwds_DLY_RST[1]" dyn_delay_ctrl_name="hbc_rwds_DLY_CTRL[1]" clkmux_buf_name=""/>
            <efxpt:output_config name="hbc_rwds_OUT_HI[1]" name_ddio_lo="hbc_rwds_OUT_LO[1]" register_option="register" clock_name="ram_clk" is_clock_inverted="false" is_slew_rate="false" tied_option="none" ddio_type="normal" delay="0" is_serial="false" drive_strength="4" fastclk_name=""/>
            <efxpt:output_enable_config name="hbc_rwds_OE[1]" is_register="true" clock_name="ram_clk" is_clock_inverted="false" name_oen="hbc_rwds_OEN[1]"/>
        </efxpt:comp_gpio>
        <efxpt:comp_gpio name="io_asyncReset" gpio_def="GPIOR_29" mode="input" bus_name="" io_standard="3.3 V LVCMOS">
            <efxpt:input_config name="io_asyncReset" name_ddio_lo="" conn_type="normal" is_register="false" clock_name="" is_clock_inverted="false" pull_option="weak pullup" is_schmitt_trigger="true" ddio_type="none" is_bus_hold="false" delay="0" is_serial="false" is_dyn_delay="false" fastclk_name="" pullup_ena_name="io_asyncReset_PULL_UP_ENA" dyn_delay_en_name="io_asyncReset_DLY_ENA" dyn_delay_reset_name="io_asyncReset_DLY_RST" dyn_delay_ctrl_name="io_asyncReset_DLY_CTRL" clkmux_buf_name=""/>
        </efxpt:comp_gpio>
        <efxpt:comp_gpio name="io_jtag_tck" gpio_def="GPIOR_24" mode="input" bus_name="" io_standard="3.3 V LVCMOS">
            <efxpt:input_config name="io_jtag_tck" name_ddio_lo="" conn_type="normal" is_register="false" clock_name="" is_clock_inverted="false" pull_option="none" is_schmitt_trigger="false" ddio_type="none" is_bus_hold="false" delay="0" is_serial="false" is_dyn_delay="false" fastclk_name="" pullup_ena_name="io_jtag_tck_PULL_UP_ENA" dyn_delay_en_name="io_jtag_tck_DLY_ENA" dyn_delay_reset_name="io_jtag_tck_DLY_RST" dyn_delay_ctrl_name="io_jtag_tck_DLY_CTRL" clkmux_buf_name=""/>
        </efxpt:comp_gpio>
        <efxpt:comp_gpio name="io_jtag_tdi" gpio_def="GPIOR_25" mode="input" bus_name="" io_standard="3.3 V LVCMOS">
            <efxpt:input_config name="io_jtag_tdi" name_ddio_lo="" conn_type="normal" is_register="false" clock_name="" is_clock_inverted="false" pull_option="none" is_schmitt_trigger="false" ddio_type="none" is_bus_hold="false" delay="0" is_serial="false" is_dyn_delay="false" fastclk_name="" pullup_ena_name="io_jtag_tdi_PULL_UP_ENA" dyn_delay_en_name="io_jtag_tdi_DLY_ENA" dyn_delay_reset_name="io_jtag_tdi_DLY_RST" dyn_delay_ctrl_name="io_jtag_tdi_DLY_CTRL" clkmux_buf_name=""/>
        </efxpt:comp_gpio>
        <efxpt:comp_gpio name="io_jtag_tdo" gpio_def="GPIOR_27" mode="output" bus_name="" io_standard="3.3 V LVCMOS">
            <efxpt:output_config name="io_jtag_tdo" name_ddio_lo="" register_option="none" clock_name="" is_clock_inverted="false" is_slew_rate="false" tied_option="none" ddio_type="none" delay="0" is_serial="false" drive_strength="2" fastclk_name=""/>
        </efxpt:comp_gpio>
        <efxpt:comp_gpio name="io_jtag_tms" gpio_def="GPIOR_28" mode="input" bus_name="" io_standard="3.3 V LVCMOS">
            <efxpt:input_config name="io_jtag_tms" name_ddio_lo="" conn_type="normal" is_register="false" clock_name="" is_clock_inverted="false" pull_option="none" is_schmitt_trigger="false" ddio_type="none" is_bus_hold="false" delay="0" is_serial="false" is_dyn_delay="false" fastclk_name="" pullup_ena_name="io_jtag_tms_PULL_UP_ENA" dyn_delay_en_name="io_jtag_tms_DLY_ENA" dyn_delay_reset_name="io_jtag_tms_DLY_RST" dyn_delay_ctrl_name="io_jtag_tms_DLY_CTRL" clkmux_buf_name=""/>
        </efxpt:comp_gpio>
        <efxpt:comp_gpio name="led125" gpio_def="GPIOR_P_08" mode="output" bus_name="" io_standard="1.8 V LVCMOS">
            <efxpt:output_config name="led125" name_ddio_lo="" register_option="none" clock_name="" is_clock_inverted="false" is_slew_rate="false" tied_option="none" ddio_type="none" delay="0" is_serial="false" drive_strength="4" fastclk_name=""/>
        </efxpt:comp_gpio>
        <efxpt:comp_gpio name="my_pll_refclk" gpio_def="GPIOL_P_18" mode="input" bus_name="" io_standard="1.8 V LVCMOS">
            <efxpt:input_config name="my_pll_refclk" name_ddio_lo="" conn_type="pll_clkin" is_register="false" clock_name="" is_clock_inverted="false" pull_option="none" is_schmitt_trigger="false" ddio_type="none" is_bus_hold="false" delay="0" is_serial="false" is_dyn_delay="false" fastclk_name="" pullup_ena_name="my_pll_refclk_PULL_UP_ENA" dyn_delay_en_name="my_pll_refclk_DLY_ENA" dyn_delay_reset_name="my_pll_refclk_DLY_RST" dyn_delay_ctrl_name="my_pll_refclk_DLY_CTRL" clkmux_buf_name=""/>
        </efxpt:comp_gpio>
        <efxpt:comp_gpio name="phy_mdc" gpio_def="GPIOL_N_05" mode="output" bus_name="" io_standard="1.8 V LVCMOS">
            <efxpt:output_config name="phy_mdc" name_ddio_lo="" register_option="none" clock_name="" is_clock_inverted="false" is_slew_rate="false" tied_option="none" ddio_type="none" delay="0" is_serial="false" drive_strength="4" fastclk_name=""/>
        </efxpt:comp_gpio>
        <efxpt:comp_gpio name="phy_mdio" gpio_def="GPIOL_P_05" mode="inout" bus_name="" io_standard="1.8 V LVCMOS">
            <efxpt:input_config name="phy_mdi" name_ddio_lo="" conn_type="normal" is_register="false" clock_name="" is_clock_inverted="false" pull_option="none" is_schmitt_trigger="false" ddio_type="none" is_bus_hold="false" delay="0" is_serial="false" is_dyn_delay="false" fastclk_name="" pullup_ena_name="phy_mdio_PULL_UP_ENA" dyn_delay_en_name="phy_mdio_DLY_ENA" dyn_delay_reset_name="phy_mdio_DLY_RST" dyn_delay_ctrl_name="phy_mdio_DLY_CTRL" clkmux_buf_name=""/>
            <efxpt:output_config name="phy_mdo" name_ddio_lo="" register_option="none" clock_name="" is_clock_inverted="false" is_slew_rate="false" tied_option="none" ddio_type="none" delay="0" is_serial="false" drive_strength="4" fastclk_name=""/>
            <efxpt:output_enable_config name="phy_mdo_en" is_register="false" clock_name="" is_clock_inverted="false" name_oen="phy_mdio_OEN"/>
        </efxpt:comp_gpio>
        <efxpt:comp_gpio name="phy_rstn" gpio_def="GPIOL_10" mode="output" bus_name="" io_standard="3.3 V LVCMOS">
            <efxpt:output_config name="phy_rstn" name_ddio_lo="" register_option="none" clock_name="" is_clock_inverted="false" is_slew_rate="false" tied_option="none" ddio_type="none" delay="0" is_serial="false" drive_strength="2" fastclk_name=""/>
        </efxpt:comp_gpio>
        <efxpt:comp_gpio name="rgmii_rx_ctl" gpio_def="GPIOR_N_18" mode="input" bus_name="" io_standard="1.8 V LVCMOS">
            <efxpt:input_config name="rgmii_rx_ctl_HI" name_ddio_lo="rgmii_rx_ctl_LO" conn_type="normal" is_register="true" clock_name="rgmii_rxc_slow" is_clock_inverted="false" pull_option="none" is_schmitt_trigger="false" ddio_type="pipeline" is_bus_hold="false" delay="15" is_serial="false" is_dyn_delay="false" fastclk_name="" pullup_ena_name="rgmii_rx_ctl_PULL_UP_ENA" dyn_delay_en_name="rgmii_rx_ctl_DLY_ENA" dyn_delay_reset_name="rgmii_rx_ctl_DLY_RST" dyn_delay_ctrl_name="rgmii_rx_ctl_DLY_CTRL" clkmux_buf_name=""/>
        </efxpt:comp_gpio>
        <efxpt:comp_gpio name="rgmii_rxc_phy" gpio_def="GPIOR_P_19" mode="input" bus_name="" io_standard="1.8 V LVCMOS">
            <efxpt:input_config name="rgmii_rxc_phy" name_ddio_lo="" conn_type="pll_clkin" is_register="false" clock_name="" is_clock_inverted="false" pull_option="none" is_schmitt_trigger="false" ddio_type="none" is_bus_hold="false" delay="0" is_serial="false" is_dyn_delay="false" fastclk_name="" pullup_ena_name="rgmii_rxc_phy_PULL_UP_ENA" dyn_delay_en_name="rgmii_rxc_phy_DLY_ENA" dyn_delay_reset_name="rgmii_rxc_phy_DLY_RST" dyn_delay_ctrl_name="rgmii_rxc_phy_DLY_CTRL" clkmux_buf_name=""/>
        </efxpt:comp_gpio>
        <efxpt:comp_gpio name="rgmii_rxc_slow" gpio_def="GPIOR_P_11" mode="input" bus_name="" io_standard="1.8 V LVCMOS">
            <efxpt:input_config name="rgmii_rxc_slow" name_ddio_lo="" conn_type="gclk" is_register="false" clock_name="" is_clock_inverted="false" pull_option="none" is_schmitt_trigger="false" ddio_type="none" is_bus_hold="false" delay="0" is_serial="false" is_dyn_delay="false" fastclk_name="" pullup_ena_name="rgmii_rxc_slow_PULL_UP_ENA" dyn_delay_en_name="rgmii_rxc_slow_DLY_ENA" dyn_delay_reset_name="rgmii_rxc_slow_DLY_RST" dyn_delay_ctrl_name="rgmii_rxc_slow_DLY_CTRL" clkmux_buf_name=""/>
        </efxpt:comp_gpio>
        <efxpt:comp_gpio name="rgmii_rxd[0]" gpio_def="GPIOR_N_17" mode="input" bus_name="rgmii_rxd" io_standard="1.8 V LVCMOS">
            <efxpt:input_config name="rgmii_rxd_LO[0]" name_ddio_lo="rgmii_rxd_HI[0]" conn_type="normal" is_register="true" clock_name="rgmii_rxc_slow" is_clock_inverted="false" pull_option="none" is_schmitt_trigger="false" ddio_type="pipeline" is_bus_hold="false" delay="15" is_serial="false" is_dyn_delay="false" fastclk_name="" pullup_ena_name="rgmii_rxd_PULL_UP_ENA[0]" dyn_delay_en_name="rgmii_rxd_DLY_ENA[0]" dyn_delay_reset_name="rgmii_rxd_DLY_RST[0]" dyn_delay_ctrl_name="rgmii_rxd_DLY_CTRL[0]" clkmux_buf_name=""/>
        </efxpt:comp_gpio>
        <efxpt:comp_gpio name="rgmii_rxd[1]" gpio_def="GPIOR_P_17" mode="input" bus_name="rgmii_rxd" io_standard="1.8 V LVCMOS">
            <efxpt:input_config name="rgmii_rxd_LO[1]" name_ddio_lo="rgmii_rxd_HI[1]" conn_type="normal" is_register="true" clock_name="rgmii_rxc_slow" is_clock_inverted="false" pull_option="none" is_schmitt_trigger="false" ddio_type="pipeline" is_bus_hold="false" delay="15" is_serial="false" is_dyn_delay="false" fastclk_name="" pullup_ena_name="rgmii_rxd_PULL_UP_ENA[1]" dyn_delay_en_name="rgmii_rxd_DLY_ENA[1]" dyn_delay_reset_name="rgmii_rxd_DLY_RST[1]" dyn_delay_ctrl_name="rgmii_rxd_DLY_CTRL[1]" clkmux_buf_name=""/>
        </efxpt:comp_gpio>
        <efxpt:comp_gpio name="rgmii_rxd[2]" gpio_def="GPIOR_N_16" mode="input" bus_name="rgmii_rxd" io_standard="1.8 V LVCMOS">
            <efxpt:input_config name="rgmii_rxd_LO[2]" name_ddio_lo="rgmii_rxd_HI[2]" conn_type="normal" is_register="true" clock_name="rgmii_rxc_slow" is_clock_inverted="false" pull_option="none" is_schmitt_trigger="false" ddio_type="pipeline" is_bus_hold="false" delay="15" is_serial="false" is_dyn_delay="false" fastclk_name="" pullup_ena_name="rgmii_rxd_PULL_UP_ENA[2]" dyn_delay_en_name="rgmii_rxd_DLY_ENA[2]" dyn_delay_reset_name="rgmii_rxd_DLY_RST[2]" dyn_delay_ctrl_name="rgmii_rxd_DLY_CTRL[2]" clkmux_buf_name=""/>
        </efxpt:comp_gpio>
        <efxpt:comp_gpio name="rgmii_rxd[3]" gpio_def="GPIOR_P_16" mode="input" bus_name="rgmii_rxd" io_standard="1.8 V LVCMOS">
            <efxpt:input_config name="rgmii_rxd_LO[3]" name_ddio_lo="rgmii_rxd_HI[3]" conn_type="normal" is_register="true" clock_name="rgmii_rxc_slow" is_clock_inverted="false" pull_option="none" is_schmitt_trigger="false" ddio_type="pipeline" is_bus_hold="false" delay="15" is_serial="false" is_dyn_delay="false" fastclk_name="" pullup_ena_name="rgmii_rxd_PULL_UP_ENA[3]" dyn_delay_en_name="rgmii_rxd_DLY_ENA[3]" dyn_delay_reset_name="rgmii_rxd_DLY_RST[3]" dyn_delay_ctrl_name="rgmii_rxd_DLY_CTRL[3]" clkmux_buf_name=""/>
        </efxpt:comp_gpio>
        <efxpt:comp_gpio name="rgmii_tx_ctl" gpio_def="GPIOR_P_13" mode="output" bus_name="" io_standard="1.8 V LVCMOS">
            <efxpt:output_config name="rgmii_tx_ctl_HI" name_ddio_lo="rgmii_tx_ctl_LO" register_option="register" clock_name="io_tseClk" is_clock_inverted="false" is_slew_rate="false" tied_option="none" ddio_type="resync" delay="0" is_serial="false" drive_strength="4" fastclk_name=""/>
        </efxpt:comp_gpio>
        <efxpt:comp_gpio name="rgmii_txc" gpio_def="GPIOR_P_14" mode="output" bus_name="" io_standard="1.8 V LVCMOS">
            <efxpt:output_config name="rgmii_txc_HI" name_ddio_lo="rgmii_txc_LO" register_option="register" clock_name="io_tseClk_90" is_clock_inverted="false" is_slew_rate="false" tied_option="none" ddio_type="resync" delay="0" is_serial="false" drive_strength="16" fastclk_name=""/>
        </efxpt:comp_gpio>
        <efxpt:comp_gpio name="rgmii_txd[0]" gpio_def="GPIOR_N_10" mode="output" bus_name="rgmii_txd" io_standard="1.8 V LVCMOS">
            <efxpt:output_config name="rgmii_txd_HI[0]" name_ddio_lo="rgmii_txd_LO[0]" register_option="register" clock_name="io_tseClk" is_clock_inverted="false" is_slew_rate="false" tied_option="none" ddio_type="resync" delay="0" is_serial="false" drive_strength="16" fastclk_name=""/>
        </efxpt:comp_gpio>
        <efxpt:comp_gpio name="rgmii_txd[1]" gpio_def="GPIOR_P_10" mode="output" bus_name="rgmii_txd" io_standard="1.8 V LVCMOS">
            <efxpt:output_config name="rgmii_txd_HI[1]" name_ddio_lo="rgmii_txd_LO[1]" register_option="register" clock_name="io_tseClk" is_clock_inverted="false" is_slew_rate="false" tied_option="none" ddio_type="resync" delay="0" is_serial="false" drive_strength="16" fastclk_name=""/>
        </efxpt:comp_gpio>
        <efxpt:comp_gpio name="rgmii_txd[2]" gpio_def="GPIOR_N_12" mode="output" bus_name="rgmii_txd" io_standard="1.8 V LVCMOS">
            <efxpt:output_config name="rgmii_txd_HI[2]" name_ddio_lo="rgmii_txd_LO[2]" register_option="register" clock_name="io_tseClk" is_clock_inverted="false" is_slew_rate="false" tied_option="none" ddio_type="resync" delay="0" is_serial="false" drive_strength="16" fastclk_name=""/>
        </efxpt:comp_gpio>
        <efxpt:comp_gpio name="rgmii_txd[3]" gpio_def="GPIOR_P_12" mode="output" bus_name="rgmii_txd" io_standard="1.8 V LVCMOS">
            <efxpt:output_config name="rgmii_txd_HI[3]" name_ddio_lo="rgmii_txd_LO[3]" register_option="register" clock_name="io_tseClk" is_clock_inverted="false" is_slew_rate="false" tied_option="none" ddio_type="resync" delay="0" is_serial="false" drive_strength="16" fastclk_name=""/>
        </efxpt:comp_gpio>
        <efxpt:comp_gpio name="sd_clk" gpio_def="GPIOR_15" mode="output" bus_name="" io_standard="1.8 V LVCMOS">
            <efxpt:output_config name="sd_clk" name_ddio_lo="" register_option="register" clock_name="io_peripheralClk" is_clock_inverted="false" is_slew_rate="false" tied_option="none" ddio_type="none" delay="0" is_serial="false" drive_strength="4" fastclk_name=""/>
        </efxpt:comp_gpio>
        <efxpt:comp_gpio name="sd_cmd" gpio_def="GPIOR_16" mode="inout" bus_name="" io_standard="1.8 V LVCMOS">
            <efxpt:input_config name="sd_cmd_IN" name_ddio_lo="" conn_type="normal" is_register="true" clock_name="io_peripheralClk" is_clock_inverted="false" pull_option="none" is_schmitt_trigger="false" ddio_type="none" is_bus_hold="false" delay="0" is_serial="false" is_dyn_delay="false" fastclk_name="" pullup_ena_name="sd_cmd_PULL_UP_ENA" dyn_delay_en_name="sd_cmd_DLY_ENA" dyn_delay_reset_name="sd_cmd_DLY_RST" dyn_delay_ctrl_name="sd_cmd_DLY_CTRL" clkmux_buf_name=""/>
            <efxpt:output_config name="sd_cmd_OUT" name_ddio_lo="" register_option="register" clock_name="io_peripheralClk" is_clock_inverted="false" is_slew_rate="false" tied_option="none" ddio_type="none" delay="0" is_serial="false" drive_strength="4" fastclk_name=""/>
            <efxpt:output_enable_config name="sd_cmd_OE" is_register="true" clock_name="io_peripheralClk" is_clock_inverted="false" name_oen="sd_cmd_OEN"/>
        </efxpt:comp_gpio>
        <efxpt:comp_gpio name="sd_dat[0]" gpio_def="GPIOR_18" mode="inout" bus_name="sd_dat" io_standard="1.8 V LVCMOS">
            <efxpt:input_config name="sd_dat_IN[0]" name_ddio_lo="" conn_type="normal" is_register="true" clock_name="io_peripheralClk" is_clock_inverted="false" pull_option="none" is_schmitt_trigger="false" ddio_type="none" is_bus_hold="false" delay="0" is_serial="false" is_dyn_delay="false" fastclk_name="" pullup_ena_name="sd_dat_PULL_UP_ENA[0]" dyn_delay_en_name="sd_dat_DLY_ENA[0]" dyn_delay_reset_name="sd_dat_DLY_RST[0]" dyn_delay_ctrl_name="sd_dat_DLY_CTRL[0]" clkmux_buf_name=""/>
            <efxpt:output_config name="sd_dat_OUT[0]" name_ddio_lo="" register_option="register" clock_name="io_peripheralClk" is_clock_inverted="false" is_slew_rate="false" tied_option="none" ddio_type="none" delay="0" is_serial="false" drive_strength="4" fastclk_name=""/>
            <efxpt:output_enable_config name="sd_dat_OE[0]" is_register="true" clock_name="io_peripheralClk" is_clock_inverted="false" name_oen="sd_dat_OEN[0]"/>
        </efxpt:comp_gpio>
        <efxpt:comp_gpio name="sd_dat[1]" gpio_def="GPIOR_19" mode="inout" bus_name="sd_dat" io_standard="1.8 V LVCMOS">
            <efxpt:input_config name="sd_dat_IN[1]" name_ddio_lo="" conn_type="normal" is_register="true" clock_name="io_peripheralClk" is_clock_inverted="false" pull_option="none" is_schmitt_trigger="false" ddio_type="none" is_bus_hold="false" delay="0" is_serial="false" is_dyn_delay="false" fastclk_name="" pullup_ena_name="sd_dat_PULL_UP_ENA[1]" dyn_delay_en_name="sd_dat_DLY_ENA[1]" dyn_delay_reset_name="sd_dat_DLY_RST[1]" dyn_delay_ctrl_name="sd_dat_DLY_CTRL[1]" clkmux_buf_name=""/>
            <efxpt:output_config name="sd_dat_OUT[1]" name_ddio_lo="" register_option="register" clock_name="io_peripheralClk" is_clock_inverted="false" is_slew_rate="false" tied_option="none" ddio_type="none" delay="0" is_serial="false" drive_strength="4" fastclk_name=""/>
            <efxpt:output_enable_config name="sd_dat_OE[1]" is_register="true" clock_name="io_peripheralClk" is_clock_inverted="false" name_oen="sd_dat_OEN[1]"/>
        </efxpt:comp_gpio>
        <efxpt:comp_gpio name="sd_dat[2]" gpio_def="GPIOR_20" mode="inout" bus_name="sd_dat" io_standard="1.8 V LVCMOS">
            <efxpt:input_config name="sd_dat_IN[2]" name_ddio_lo="" conn_type="normal" is_register="true" clock_name="io_peripheralClk" is_clock_inverted="false" pull_option="none" is_schmitt_trigger="false" ddio_type="none" is_bus_hold="false" delay="0" is_serial="false" is_dyn_delay="false" fastclk_name="" pullup_ena_name="sd_dat_PULL_UP_ENA[2]" dyn_delay_en_name="sd_dat_DLY_ENA[2]" dyn_delay_reset_name="sd_dat_DLY_RST[2]" dyn_delay_ctrl_name="sd_dat_DLY_CTRL[2]" clkmux_buf_name=""/>
            <efxpt:output_config name="sd_dat_OUT[2]" name_ddio_lo="" register_option="register" clock_name="io_peripheralClk" is_clock_inverted="false" is_slew_rate="false" tied_option="none" ddio_type="none" delay="0" is_serial="false" drive_strength="4" fastclk_name=""/>
            <efxpt:output_enable_config name="sd_dat_OE[2]" is_register="true" clock_name="io_peripheralClk" is_clock_inverted="false" name_oen="sd_dat_OEN[2]"/>
        </efxpt:comp_gpio>
        <efxpt:comp_gpio name="sd_dat[3]" gpio_def="GPIOR_13" mode="inout" bus_name="sd_dat" io_standard="1.8 V LVCMOS">
            <efxpt:input_config name="sd_dat_IN[3]" name_ddio_lo="" conn_type="normal" is_register="true" clock_name="io_peripheralClk" is_clock_inverted="false" pull_option="none" is_schmitt_trigger="false" ddio_type="none" is_bus_hold="false" delay="0" is_serial="false" is_dyn_delay="false" fastclk_name="" pullup_ena_name="sd_dat_PULL_UP_ENA[3]" dyn_delay_en_name="sd_dat_DLY_ENA[3]" dyn_delay_reset_name="sd_dat_DLY_RST[3]" dyn_delay_ctrl_name="sd_dat_DLY_CTRL[3]" clkmux_buf_name=""/>
            <efxpt:output_config name="sd_dat_OUT[3]" name_ddio_lo="" register_option="register" clock_name="io_peripheralClk" is_clock_inverted="false" is_slew_rate="false" tied_option="none" ddio_type="none" delay="0" is_serial="false" drive_strength="4" fastclk_name=""/>
            <efxpt:output_enable_config name="sd_dat_OE[3]" is_register="true" clock_name="io_peripheralClk" is_clock_inverted="false" name_oen="sd_dat_OEN[3]"/>
        </efxpt:comp_gpio>
        <efxpt:comp_gpio name="system_spi_0_io_data_0" gpio_def="GPIOL_P_03" mode="inout" bus_name="" io_standard="1.8 V LVCMOS">
            <efxpt:input_config name="system_spi_0_io_data_0_read" name_ddio_lo="" conn_type="normal" is_register="true" clock_name="io_peripheralClk" is_clock_inverted="false" pull_option="none" is_schmitt_trigger="false" ddio_type="none" is_bus_hold="false" delay="0" is_serial="false" is_dyn_delay="false" fastclk_name="" pullup_ena_name="system_spi_0_io_data_0_PULL_UP_ENA" dyn_delay_en_name="system_spi_0_io_data_0_DLY_ENA" dyn_delay_reset_name="system_spi_0_io_data_0_DLY_RST" dyn_delay_ctrl_name="system_spi_0_io_data_0_DLY_CTRL" clkmux_buf_name=""/>
            <efxpt:output_config name="system_spi_0_io_data_0_write" name_ddio_lo="" register_option="register" clock_name="io_peripheralClk" is_clock_inverted="false" is_slew_rate="false" tied_option="none" ddio_type="none" delay="0" is_serial="false" drive_strength="4" fastclk_name=""/>
            <efxpt:output_enable_config name="system_spi_0_io_data_0_writeEnable" is_register="true" clock_name="io_peripheralClk" is_clock_inverted="false" name_oen="system_spi_0_io_data_0_OEN"/>
        </efxpt:comp_gpio>
        <efxpt:comp_gpio name="system_spi_0_io_data_1" gpio_def="GPIOL_N_03" mode="inout" bus_name="" io_standard="1.8 V LVCMOS">
            <efxpt:input_config name="system_spi_0_io_data_1_read" name_ddio_lo="" conn_type="normal" is_register="true" clock_name="io_peripheralClk" is_clock_inverted="false" pull_option="none" is_schmitt_trigger="false" ddio_type="none" is_bus_hold="false" delay="0" is_serial="false" is_dyn_delay="false" fastclk_name="" pullup_ena_name="system_spi_0_io_data_1_PULL_UP_ENA" dyn_delay_en_name="system_spi_0_io_data_1_DLY_ENA" dyn_delay_reset_name="system_spi_0_io_data_1_DLY_RST" dyn_delay_ctrl_name="system_spi_0_io_data_1_DLY_CTRL" clkmux_buf_name=""/>
            <efxpt:output_config name="system_spi_0_io_data_1_write" name_ddio_lo="" register_option="register" clock_name="io_peripheralClk" is_clock_inverted="false" is_slew_rate="false" tied_option="none" ddio_type="none" delay="0" is_serial="false" drive_strength="4" fastclk_name=""/>
            <efxpt:output_enable_config name="system_spi_0_io_data_1_writeEnable" is_register="true" clock_name="io_peripheralClk" is_clock_inverted="false" name_oen="system_spi_0_io_data_1_OEN"/>
        </efxpt:comp_gpio>
        <efxpt:comp_gpio name="system_spi_0_io_sclk_write" gpio_def="GPIOL_N_01" mode="output" bus_name="" io_standard="1.8 V LVCMOS">
            <efxpt:output_config name="system_spi_0_io_sclk_write" name_ddio_lo="" register_option="register" clock_name="io_peripheralClk" is_clock_inverted="false" is_slew_rate="false" tied_option="none" ddio_type="none" delay="0" is_serial="false" drive_strength="4" fastclk_name=""/>
        </efxpt:comp_gpio>
        <efxpt:comp_gpio name="system_spi_0_io_ss" gpio_def="GPIOL_P_01" mode="output" bus_name="" io_standard="1.8 V LVCMOS">
            <efxpt:output_config name="system_spi_0_io_ss" name_ddio_lo="" register_option="register" clock_name="io_peripheralClk" is_clock_inverted="false" is_slew_rate="false" tied_option="none" ddio_type="none" delay="0" is_serial="false" drive_strength="4" fastclk_name=""/>
        </efxpt:comp_gpio>
        <efxpt:comp_gpio name="system_uart_0_io_rxd" gpio_def="GPIOL_01" mode="input" bus_name="" io_standard="1.8 V LVCMOS">
            <efxpt:input_config name="system_uart_0_io_rxd" name_ddio_lo="" conn_type="normal" is_register="false" clock_name="" is_clock_inverted="false" pull_option="none" is_schmitt_trigger="false" ddio_type="none" is_bus_hold="false" delay="0" is_serial="false" is_dyn_delay="false" fastclk_name="" pullup_ena_name="system_uart_0_io_rxd_PULL_UP_ENA" dyn_delay_en_name="system_uart_0_io_rxd_DLY_ENA" dyn_delay_reset_name="system_uart_0_io_rxd_DLY_RST" dyn_delay_ctrl_name="system_uart_0_io_rxd_DLY_CTRL" clkmux_buf_name=""/>
        </efxpt:comp_gpio>
        <efxpt:comp_gpio name="system_uart_0_io_txd" gpio_def="GPIOL_02" mode="output" bus_name="" io_standard="1.8 V LVCMOS">
            <efxpt:output_config name="system_uart_0_io_txd" name_ddio_lo="" register_option="none" clock_name="" is_clock_inverted="false" is_slew_rate="false" tied_option="none" ddio_type="none" delay="0" is_serial="false" drive_strength="4" fastclk_name=""/>
        </efxpt:comp_gpio>
        <efxpt:global_unused_config state="input with weak pullup"/>
        <efxpt:bus name="rgmii_txd" mode="output" msb="3" lsb="0"/>
        <efxpt:bus name="rgmii_rxd" mode="input" msb="3" lsb="0"/>
        <efxpt:bus name="hbc_dq" mode="inout" msb="15" lsb="0"/>
        <efxpt:bus name="hbc_rwds" mode="inout" msb="1" lsb="0"/>
        <efxpt:bus name="db_pin" mode="output" msb="3" lsb="0"/>
        <efxpt:bus name="sd_dat" mode="inout" msb="3" lsb="0"/>
    </efxpt:gpio_info>
    <efxpt:pll_info>
        <efxpt:pll name="my_pll" pll_def="PLL_BR0" ref_clock_name="fb" ref_clock_freq="100.0000" multiplier="2" pre_divider="1" post_divider="4" reset_name="my_pll_rstn" locked_name="my_pll_locked" is_ipfrz="false" is_bypass_lock="true">
            <efxpt:adv_prop ref_clock_mode="core" ref_clock1_name="" ext_ref_clock_id="2" clksel_name="" feedback_clock_name="io_memoryClk" feedback_mode="core"/>
            <efxpt:gen_pin>
                <efxpt:pin name="" type_name="DESKEWED" is_bus="false"/>
                <efxpt:pin name="" type_name="SHIFT_ENA" is_bus="false"/>
                <efxpt:pin name="" type_name="SHIFT" is_bus="true"/>
                <efxpt:pin name="" type_name="SHIFT_SEL" is_bus="true"/>
            </efxpt:gen_pin>
            <efxpt:comp_output_clock name="fb2" number="0" out_divider="10" is_dyn_phase="false" phase_setting="0" is_inverted="false">
                <efxpt:gen_pin/>
            </efxpt:comp_output_clock>
            <efxpt:comp_output_clock name="io_memoryClk" number="1" out_divider="5" is_dyn_phase="false" phase_setting="0" is_inverted="false">
                <efxpt:gen_pin/>
            </efxpt:comp_output_clock>
            <efxpt:comp_output_clock name="io_tseClk" number="2" out_divider="8" is_dyn_phase="false" phase_setting="0" is_inverted="false">
                <efxpt:gen_pin/>
            </efxpt:comp_output_clock>
            <efxpt:comp_output_clock name="io_tseClk_90" number="3" out_divider="8" is_dyn_phase="false" phase_setting="4" is_inverted="false">
                <efxpt:gen_pin/>
            </efxpt:comp_output_clock>
            <efxpt:comp_prop/>
        </efxpt:pll>
        <efxpt:pll name="tse_pll" pll_def="PLL_TR0" ref_clock_name="" ref_clock_freq="125.0000" multiplier="1" pre_divider="1" post_divider="2" reset_name="tse_pll_rstn" locked_name="tse_pll_locked" is_ipfrz="false" is_bypass_lock="true">
            <efxpt:adv_prop ref_clock_mode="external" ref_clock1_name="" ext_ref_clock_id="2" clksel_name="" feedback_clock_name="rgmii_rxc_dum" feedback_mode="core"/>
            <efxpt:gen_pin>
                <efxpt:pin name="" type_name="DESKEWED" is_bus="false"/>
                <efxpt:pin name="" type_name="SHIFT_ENA" is_bus="false"/>
                <efxpt:pin name="" type_name="SHIFT" is_bus="true"/>
                <efxpt:pin name="" type_name="SHIFT_SEL" is_bus="true"/>
            </efxpt:gen_pin>
            <efxpt:comp_output_clock name="rgmii_rxc" number="0" out_divider="22" is_dyn_phase="false" phase_setting="0" is_inverted="true">
                <efxpt:gen_pin/>
            </efxpt:comp_output_clock>
            <efxpt:comp_output_clock name="rgmii_rxc_dum" number="1" out_divider="22" is_dyn_phase="false" phase_setting="0" is_inverted="true">
                <efxpt:gen_pin/>
            </efxpt:comp_output_clock>
            <efxpt:comp_prop/>
        </efxpt:pll>
        <efxpt:pll name="my_ddr_pll" pll_def="PLL_TL0" ref_clock_name="" ref_clock_freq="25.0000" multiplier="4" pre_divider="1" post_divider="2" reset_name="my_ddr_pll_rstn" locked_name="my_ddr_pll_locked" is_ipfrz="false" is_bypass_lock="true">
            <efxpt:adv_prop ref_clock_mode="external" ref_clock1_name="" ext_ref_clock_id="2" clksel_name="" feedback_clock_name="fb" feedback_mode="core"/>
            <efxpt:gen_pin>
                <efxpt:pin name="" type_name="DESKEWED" is_bus="false"/>
                <efxpt:pin name="hbc_cal_SHIFT_ENA" type_name="SHIFT_ENA" is_bus="false"/>
                <efxpt:pin name="hbc_cal_SHIFT" type_name="SHIFT" is_bus="true"/>
                <efxpt:pin name="hbc_cal_SHIFT_SEL" type_name="SHIFT_SEL" is_bus="true"/>
            </efxpt:gen_pin>
            <efxpt:comp_output_clock name="ram_clk" number="0" out_divider="12" is_dyn_phase="false" phase_setting="0" is_inverted="false">
                <efxpt:gen_pin/>
            </efxpt:comp_output_clock>
            <efxpt:comp_output_clock name="ram_clk90" number="1" out_divider="12" is_dyn_phase="false" phase_setting="6" is_inverted="false">
                <efxpt:gen_pin/>
            </efxpt:comp_output_clock>
            <efxpt:comp_output_clock name="ram_clk_cal" number="2" out_divider="12" is_dyn_phase="true" phase_setting="0" is_inverted="false">
                <efxpt:gen_pin/>
            </efxpt:comp_output_clock>
            <efxpt:comp_output_clock name="fb" number="3" out_divider="24" is_dyn_phase="false" phase_setting="0" is_inverted="false">
                <efxpt:gen_pin/>
            </efxpt:comp_output_clock>
            <efxpt:comp_prop/>
        </efxpt:pll>
        <efxpt:pll name="pll_system" pll_def="PLL_BL0" ref_clock_name="fb2" ref_clock_freq="100.0000" multiplier="1" pre_divider="1" post_divider="2" reset_name="pll_system_rstn" locked_name="pll_system_locked" is_ipfrz="false" is_bypass_lock="true">
            <efxpt:adv_prop ref_clock_mode="core" ref_clock1_name="" ext_ref_clock_id="2" clksel_name="" feedback_clock_name="io_peripheralClk" feedback_mode="core"/>
            <efxpt:gen_pin>
                <efxpt:pin name="" type_name="SHIFT_ENA" is_bus="false"/>
                <efxpt:pin name="" type_name="DESKEWED" is_bus="false"/>
                <efxpt:pin name="" type_name="SHIFT" is_bus="true"/>
                <efxpt:pin name="" type_name="SHIFT_SEL" is_bus="true"/>
            </efxpt:gen_pin>
            <efxpt:comp_output_clock name="io_peripheralClk" number="0" out_divider="26" is_dyn_phase="false" phase_setting="0" is_inverted="false">
                <efxpt:gen_pin/>
            </efxpt:comp_output_clock>
            <efxpt:comp_output_clock name="io_systemClk" number="1" out_divider="13" is_dyn_phase="false" phase_setting="0" is_inverted="false">
                <efxpt:gen_pin/>
            </efxpt:comp_output_clock>
            <efxpt:comp_prop/>
        </efxpt:pll>
    </efxpt:pll_info>
    <efxpt:osc_info/>
    <efxpt:lvds_info/>
    <efxpt:jtag_info>
        <efxpt:jtag name="jtag_inst1" jtag_def="JTAG_USER1">
            <efxpt:gen_pin>
                <efxpt:pin name="jtag_inst1_CAPTURE" type_name="CAPTURE" is_bus="false"/>
                <efxpt:pin name="" type_name="DRCK" is_bus="false"/>
                <efxpt:pin name="jtag_inst1_RESET" type_name="RESET" is_bus="false"/>
                <efxpt:pin name="" type_name="RUNTEST" is_bus="false"/>
                <efxpt:pin name="jtag_inst1_SEL" type_name="SEL" is_bus="false"/>
                <efxpt:pin name="jtag_inst1_SHIFT" type_name="SHIFT" is_bus="false"/>
                <efxpt:pin name="jtag_inst1_TCK" type_name="TCK" is_bus="false"/>
                <efxpt:pin name="jtag_inst1_TDI" type_name="TDI" is_bus="false"/>
                <efxpt:pin name="" type_name="TMS" is_bus="false"/>
                <efxpt:pin name="jtag_inst1_UPDATE" type_name="UPDATE" is_bus="false"/>
                <efxpt:pin name="jtag_inst1_TDO" type_name="TDO" is_bus="false"/>
            </efxpt:gen_pin>
        </efxpt:jtag>
        <efxpt:jtag name="jtag_inst2" jtag_def="JTAG_USER2">
            <efxpt:gen_pin>
                <efxpt:pin name="jtag_inst2_CAPTURE" type_name="CAPTURE" is_bus="false"/>
                <efxpt:pin name="jtag_inst2_DRCK" type_name="DRCK" is_bus="false"/>
                <efxpt:pin name="jtag_inst2_RESET" type_name="RESET" is_bus="false"/>
                <efxpt:pin name="jtag_inst2_RUNTEST" type_name="RUNTEST" is_bus="false"/>
                <efxpt:pin name="jtag_inst2_SEL" type_name="SEL" is_bus="false"/>
                <efxpt:pin name="jtag_inst2_SHIFT" type_name="SHIFT" is_bus="false"/>
                <efxpt:pin name="jtag_inst2_TCK" type_name="TCK" is_bus="false"/>
                <efxpt:pin name="jtag_inst2_TDI" type_name="TDI" is_bus="false"/>
                <efxpt:pin name="jtag_inst2_TMS" type_name="TMS" is_bus="false"/>
                <efxpt:pin name="jtag_inst2_UPDATE" type_name="UPDATE" is_bus="false"/>
                <efxpt:pin name="jtag_inst2_TDO" type_name="TDO" is_bus="false"/>
            </efxpt:gen_pin>
        </efxpt:jtag>
    </efxpt:jtag_info>
    <efxpt:mipi_dphy_info/>
</efxpt:design_db>
