<?xml version="1.0" encoding="UTF-8"?>
<efx:project name="soc_hp_ti375" description="" last_change="1715346316" sw_version="2023.2.307.5.4" last_run_state="pass" last_run_flow="route" config_result_in_sync="true" design_ood="change" place_ood="change" route_ood="sync" xmlns:efx="http://www.efinixinc.com/enf_proj" xmlns:xsi="http://www.w3.org/2001/XMLSchema-instance" xsi:schemaLocation="http://www.efinixinc.com/enf_proj enf_proj.xsd">
    <efx:device_info>
        <efx:family name="Titanium"/>
        <efx:device name="Ti375C529"/>
        <efx:timing_model name="C4"/>
    </efx:device_info>
    <efx:design_info def_veri_version="verilog_2k" def_vhdl_version="vhdl_2008">
        <efx:top_module name="top_soc"/>
        <efx:design_file name="source/top_soc.v" version="default" library="default"/>
        <efx:design_file name="source/tseCore.v" version="default" library="default"/>
        <efx:design_file name="source/design_modules.v" version="default" library="default"/>
        <efx:top_vhdl_arch name=""/>
    </efx:design_info>
    <efx:constraint_info>
        <efx:sdc_file name="constraints.sdc"/>
        <efx:inter_file name=""/>
    </efx:constraint_info>
    <efx:sim_info/>
    <efx:misc_info/>
    <efx:ip_info>
        <efx:ip instance_name="EfxSapphireHpSoc_slb" path="ip/EfxSapphireHpSoc_slb/settings.json">
            <efx:ip_src_file name="EfxSapphireHpSoc_slb.v"/>
        </efx:ip>
        <efx:ip instance_name="gSDHC" path="ip/gSDHC/settings.json">
            <efx:ip_src_file name="gSDHC.v"/>
        </efx:ip>
        <efx:ip instance_name="gTSE" path="ip/gTSE/settings.json">
            <efx:ip_src_file name="gTSE.v"/>
        </efx:ip>
        <efx:ip instance_name="gTSE_1to2_switch" path="ip/gTSE_1to2_switch/settings.json">
            <efx:ip_src_file name="gTSE_1to2_switch.v"/>
        </efx:ip>
        <efx:ip instance_name="gDMA" path="ip/gDMA/settings.json">
            <efx:ip_src_file name="gDMA.v"/>
        </efx:ip>
        <efx:ip instance_name="gTSE_core_fifo_data" path="ip/gTSE_core_fifo_data/settings.json">
            <efx:ip_src_file name="gTSE_core_fifo_data.v"/>
        </efx:ip>
        <efx:ip instance_name="gTSE_core_fifo_ctrl" path="ip/gTSE_core_fifo_ctrl/settings.json">
            <efx:ip_src_file name="gTSE_core_fifo_ctrl.v"/>
        </efx:ip>
        <efx:ip instance_name="gAXIM_2to1_switch" path="ip/gAXIM_2to1_switch/settings.json">
            <efx:ip_src_file name="gAXIM_2to1_switch.v"/>
        </efx:ip>
        <efx:ip instance_name="gAXIS_1to3_switch" path="ip/gAXIS_1to3_switch/settings.json">
            <efx:ip_src_file name="gAXIS_1to3_switch.v"/>
        </efx:ip>
    </efx:ip_info>
    <efx:synthesis tool_name="efx_map">
        <efx:param name="work_dir" value="work_syn" value_type="e_string"/>
        <efx:param name="write_efx_verilog" value="on" value_type="e_bool"/>
        <efx:param name="allow-const-ram-index" value="0" value_type="e_option"/>
        <efx:param name="blackbox-error" value="1" value_type="e_option"/>
        <efx:param name="blast_const_operand_adders" value="1" value_type="e_option"/>
        <efx:param name="bram_output_regs_packing" value="1" value_type="e_option"/>
        <efx:param name="create-onehot-fsms" value="0" value_type="e_option"/>
        <efx:param name="fanout-limit" value="0" value_type="e_integer"/>
        <efx:param name="hdl-compile-unit" value="1" value_type="e_option"/>
        <efx:param name="infer-clk-enable" value="3" value_type="e_option"/>
        <efx:param name="infer-sync-set-reset" value="1" value_type="e_option"/>
        <efx:param name="max_ram" value="-1" value_type="e_integer"/>
        <efx:param name="max_mult" value="-1" value_type="e_integer"/>
        <efx:param name="min-sr-fanout" value="0" value_type="e_integer"/>
        <efx:param name="min-ce-fanout" value="0" value_type="e_integer"/>
        <efx:param name="mode" value="speed" value_type="e_option"/>
        <efx:param name="mult-auto-pipeline" value="0" value_type="e_option"/>
        <efx:param name="mult-decomp-retime" value="0" value_type="e_option"/>
        <efx:param name="operator-sharing" value="0" value_type="e_option"/>
        <efx:param name="optimize-adder-tree" value="0" value_type="e_option"/>
        <efx:param name="optimize-zero-init-rom" value="1" value_type="e_option"/>
        <efx:param name="retiming" value="1" value_type="e_option"/>
        <efx:param name="seq_opt" value="1" value_type="e_option"/>
        <efx:param name="seq-opt-sync-only" value="0" value_type="e_option"/>
        <efx:param name="use-logic-for-small-mem" value="64" value_type="e_integer"/>
        <efx:param name="use-logic-for-small-rom" value="64" value_type="e_integer"/>
        <efx:param name="dsp-input-regs-packing" value="1" value_type="e_option"/>
        <efx:param name="dsp-output-regs-packing" value="1" value_type="e_option"/>
        <efx:param name="dsp-mac-packing" value="1" value_type="e_option"/>
        <efx:param name="insert-carry-skip" value="0" value_type="e_option"/>
        <efx:param name="pack-luts-to-comb4" value="0" value_type="e_option"/>
        <efx:param name="include" value="ip/EfxSapphireHpSoc_slb" value_type="e_string"/>
        <efx:param name="include" value="ip/gSDHC" value_type="e_string"/>
        <efx:param name="include" value="ip/gTSE" value_type="e_string"/>
        <efx:param name="include" value="ip/gTSE_1to2_switch" value_type="e_string"/>
        <efx:param name="include" value="ip/gDMA" value_type="e_string"/>
        <efx:param name="include" value="ip/gTSE_core_fifo_data" value_type="e_string"/>
        <efx:param name="include" value="ip/gTSE_core_fifo_ctrl" value_type="e_string"/>
        <efx:param name="include" value="ip/gAXIM_2to1_switch" value_type="e_string"/>
        <efx:param name="include" value="ip/gAXIS_1to3_switch" value_type="e_string"/>
    </efx:synthesis>
    <efx:place_and_route tool_name="efx_pnr">
        <efx:param name="work_dir" value="work_pnr" value_type="e_string"/>
        <efx:param name="verbose" value="off" value_type="e_bool"/>
        <efx:param name="load_delaym" value="on" value_type="e_bool"/>
        <efx:param name="optimization_level" value="NULL" value_type="e_option"/>
        <efx:param name="seed" value="1" value_type="e_integer"/>
        <efx:param name="placer_effort_level" value="2" value_type="e_option"/>
        <efx:param name="max_threads" value="-1" value_type="e_integer"/>
        <efx:param name="beneficial_skew" value="on" value_type="e_option"/>
        <efx:param name="print_critical_path" value="10" value_type="e_integer"/>
    </efx:place_and_route>
    <efx:bitstream_generation tool_name="efx_pgm">
        <efx:param name="mode" value="active" value_type="e_option"/>
        <efx:param name="width" value="1" value_type="e_option"/>
        <efx:param name="enable_roms" value="smart" value_type="e_option"/>
        <efx:param name="spi_low_power_mode" value="on" value_type="e_bool"/>
        <efx:param name="io_weak_pullup" value="on" value_type="e_bool"/>
        <efx:param name="oscillator_clock_divider" value="DIV8" value_type="e_option"/>
        <efx:param name="bitstream_compression" value="on" value_type="e_bool"/>
        <efx:param name="enable_external_master_clock" value="off" value_type="e_bool"/>
        <efx:param name="active_capture_clk_edge" value="negedge" value_type="e_option"/>
        <efx:param name="jtag_usercode" value="0xFFFFFFFF" value_type="e_string"/>
        <efx:param name="release_tri_then_reset" value="on" value_type="e_bool"/>
        <efx:param name="four_byte_addressing" value="off" value_type="e_bool"/>
        <efx:param name="generate_bit" value="on" value_type="e_bool"/>
        <efx:param name="generate_bitbin" value="off" value_type="e_bool"/>
        <efx:param name="generate_hex" value="on" value_type="e_bool"/>
        <efx:param name="generate_hexbin" value="off" value_type="e_bool"/>
        <efx:param name="cold_boot" value="off" value_type="e_bool"/>
        <efx:param name="cascade" value="off" value_type="e_option"/>
    </efx:bitstream_generation>
    <efx:debugger>
        <efx:param name="work_dir" value="work_dbg" value_type="e_string"/>
        <efx:param name="auto_instantiation" value="off" value_type="e_bool"/>
        <efx:param name="profile" value="NONE" value_type="e_string"/>
    </efx:debugger>
    <efx:security>
        <efx:param name="randomize_iv_value" value="on" value_type="e_bool"/>
        <efx:param name="iv_value" value="" value_type="e_string"/>
        <efx:param name="enable_bitstream_encrypt" value="off" value_type="e_bool"/>
        <efx:param name="enable_bitstream_auth" value="off" value_type="e_bool"/>
        <efx:param name="encryption_key_file" value="NONE" value_type="e_string"/>
        <efx:param name="auth_key_file" value="NONE" value_type="e_string"/>
    </efx:security>
</efx:project>
