<?xml version="1.0" encoding="UTF-8"?>
<efxpt:design_db name="ti180-tsemac-linux" device_def="Ti180J484" location="/home/mnalim/workspace/projects/rtl/Ti180J484/ti180-tsemac-linux" version="2023.1.150.3.11" db_version="20231999" last_change_date="Tue Sep  5 16:03:52 2023" xmlns:efxpt="http://www.efinixinc.com/peri_design_db" xmlns:xsi="http://www.w3.org/2001/XMLSchema-instance" xsi:schemaLocation="http://www.efinixinc.com/peri_design_db peri_design_db.xsd ">
    <efxpt:device_info>
        <efxpt:iobank_info>
            <efxpt:iobank name="2A_2B_2C" iostd="1.8 V LVCMOS" is_dyn_voltage="false" mode_sel_name="2A_2B_2C_MODE_SEL"/>
            <efxpt:iobank name="3A" iostd="1.8 V LVCMOS" is_dyn_voltage="false" mode_sel_name="3A_MODE_SEL"/>
            <efxpt:iobank name="3B_3C" iostd="1.8 V LVCMOS" is_dyn_voltage="false" mode_sel_name="3B_3C_MODE_SEL"/>
            <efxpt:iobank name="4A" iostd="1.8 V LVCMOS" is_dyn_voltage="false" mode_sel_name="4A_MODE_SEL"/>
            <efxpt:iobank name="4B" iostd="1.8 V LVCMOS" is_dyn_voltage="false" mode_sel_name="4B_MODE_SEL"/>
            <efxpt:iobank name="4C" iostd="1.8 V LVCMOS" is_dyn_voltage="false" mode_sel_name="4C_MODE_SEL"/>
            <efxpt:iobank name="BL" iostd="3.3 V LVCMOS" is_dyn_voltage="false" mode_sel_name="BL_MODE_SEL"/>
            <efxpt:iobank name="BR" iostd="3.3 V LVCMOS" is_dyn_voltage="false" mode_sel_name="BR_MODE_SEL"/>
            <efxpt:iobank name="TL" iostd="3.3 V LVCMOS" is_dyn_voltage="false" mode_sel_name="TL_MODE_SEL"/>
            <efxpt:iobank name="TR" iostd="1.8 V LVCMOS" is_dyn_voltage="false" mode_sel_name="TR_MODE_SEL"/>
        </efxpt:iobank_info>
        <efxpt:ctrl_info>
            <efxpt:ctrl name="cfg" ctrl_def="CONFIG_CTRL0" clock_name="" is_clk_invert="false" cbsel_bus_name="cfg_CBSEL" config_ctrl_name="cfg_CONFIG" ena_capture_name="cfg_ENA" error_status_name="cfg_ERROR" um_signal_status_name="cfg_USR_STATUS" is_remote_update_enable="false" is_user_mode_enable="false"/>
        </efxpt:ctrl_info>
        <efxpt:seu_info>
            <efxpt:seu name="seu" block_def="CONFIG_SEU0" mode="auto" ena_detect="false" wait_interval="16500000">
                <efxpt:gen_pin>
                    <efxpt:pin name="seu_START" type_name="START" is_bus="false"/>
                    <efxpt:pin name="seu_INJECT_ERROR" type_name="INJECT_ERROR" is_bus="false"/>
                    <efxpt:pin name="seu_RST" type_name="RST" is_bus="false"/>
                    <efxpt:pin name="seu_CONFIG" type_name="CONFIG" is_bus="false"/>
                    <efxpt:pin name="seu_ERROR" type_name="ERROR" is_bus="false"/>
                    <efxpt:pin name="seu_DONE" type_name="DONE" is_bus="false"/>
                </efxpt:gen_pin>
            </efxpt:seu>
        </efxpt:seu_info>
        <efxpt:clkmux_info>
            <efxpt:clkmux name="GCLKMUX_B" block_def="GCLKMUX_B" is_mux_bot0_dyn="false" is_mux_bot7_dyn="false">
                <efxpt:gen_pin>
                    <efxpt:pin name="" type_name="DYN_MUX_SEL_7" is_bus="true"/>
                    <efxpt:pin name="" type_name="DYN_MUX_OUT_7" is_bus="false"/>
                    <efxpt:pin name="" type_name="ROUTE0" is_bus="false" is_clk="true" is_clk_invert="false"/>
                    <efxpt:pin name="" type_name="ROUTE1" is_bus="false" is_clk="true" is_clk_invert="false"/>
                    <efxpt:pin name="" type_name="ROUTE2" is_bus="false" is_clk="true" is_clk_invert="false"/>
                    <efxpt:pin name="" type_name="ROUTE3" is_bus="false" is_clk="true" is_clk_invert="false"/>
                    <efxpt:pin name="" type_name="DYN_MUX_OUT_0" is_bus="false"/>
                    <efxpt:pin name="" type_name="DYN_MUX_SEL_0" is_bus="true"/>
                </efxpt:gen_pin>
            </efxpt:clkmux>
            <efxpt:clkmux name="GCLKMUX_L" block_def="GCLKMUX_L" is_mux_bot0_dyn="false" is_mux_bot7_dyn="false">
                <efxpt:gen_pin>
                    <efxpt:pin name="" type_name="DYN_MUX_SEL_7" is_bus="true"/>
                    <efxpt:pin name="" type_name="DYN_MUX_OUT_7" is_bus="false"/>
                    <efxpt:pin name="" type_name="ROUTE0" is_bus="false" is_clk="true" is_clk_invert="false"/>
                    <efxpt:pin name="" type_name="ROUTE1" is_bus="false" is_clk="true" is_clk_invert="false"/>
                    <efxpt:pin name="" type_name="ROUTE2" is_bus="false" is_clk="true" is_clk_invert="false"/>
                    <efxpt:pin name="" type_name="ROUTE3" is_bus="false" is_clk="true" is_clk_invert="false"/>
                    <efxpt:pin name="" type_name="DYN_MUX_OUT_0" is_bus="false"/>
                    <efxpt:pin name="" type_name="DYN_MUX_SEL_0" is_bus="true"/>
                </efxpt:gen_pin>
            </efxpt:clkmux>
            <efxpt:clkmux name="GCLKMUX_R" block_def="GCLKMUX_R" is_mux_bot0_dyn="false" is_mux_bot7_dyn="true">
                <efxpt:gen_pin>
                    <efxpt:pin name="mux_clk_sw" type_name="DYN_MUX_SEL_7" is_bus="true"/>
                    <efxpt:pin name="mux_clk" type_name="DYN_MUX_OUT_7" is_bus="false"/>
                    <efxpt:pin name="" type_name="ROUTE0" is_bus="false" is_clk="true" is_clk_invert="false"/>
                    <efxpt:pin name="" type_name="ROUTE1" is_bus="false" is_clk="true" is_clk_invert="false"/>
                    <efxpt:pin name="" type_name="ROUTE2" is_bus="false" is_clk="true" is_clk_invert="false"/>
                    <efxpt:pin name="rgmii_rxc_dum" type_name="ROUTE3" is_bus="false" is_clk="true" is_clk_invert="false"/>
                    <efxpt:pin name="" type_name="DYN_MUX_OUT_0" is_bus="false"/>
                    <efxpt:pin name="" type_name="DYN_MUX_SEL_0" is_bus="true"/>
                </efxpt:gen_pin>
                <efxpt:dyn_mux7_inputs>
                    <efxpt:dyn_input index="0" resource="ROUTE3" resource_pin="" is_static="false"/>
                    <efxpt:dyn_input index="2" resource="PLL_BR0" resource_pin="CLKOUT1" is_static="true"/>
                    <efxpt:dyn_input index="3" resource="GPIOR_PN_23" resource_pin="DOUT_EVENP" is_static="true"/>
                </efxpt:dyn_mux7_inputs>
            </efxpt:clkmux>
            <efxpt:clkmux name="GCLKMUX_T" block_def="GCLKMUX_T" is_mux_bot0_dyn="false" is_mux_bot7_dyn="false">
                <efxpt:gen_pin>
                    <efxpt:pin name="" type_name="DYN_MUX_SEL_7" is_bus="true"/>
                    <efxpt:pin name="" type_name="DYN_MUX_OUT_7" is_bus="false"/>
                    <efxpt:pin name="" type_name="ROUTE0" is_bus="false" is_clk="true" is_clk_invert="false"/>
                    <efxpt:pin name="" type_name="ROUTE1" is_bus="false" is_clk="true" is_clk_invert="false"/>
                    <efxpt:pin name="" type_name="ROUTE2" is_bus="false" is_clk="true" is_clk_invert="false"/>
                    <efxpt:pin name="" type_name="ROUTE3" is_bus="false" is_clk="true" is_clk_invert="false"/>
                    <efxpt:pin name="" type_name="DYN_MUX_OUT_0" is_bus="false"/>
                    <efxpt:pin name="" type_name="DYN_MUX_SEL_0" is_bus="true"/>
                </efxpt:gen_pin>
            </efxpt:clkmux>
        </efxpt:clkmux_info>
    </efxpt:device_info>
    <efxpt:gpio_info>
        <efxpt:comp_gpio name="clk_33m33" gpio_def="GPIOL_32" mode="input" bus_name="" io_standard="3.3 V LVCMOS">
            <efxpt:input_config name="clk_33m33" name_ddio_lo="" conn_type="pll_clkin" is_register="false" clock_name="" is_clock_inverted="false" pull_option="none" is_schmitt_trigger="false" ddio_type="none" is_bus_hold="false" delay="0" is_serial="false" is_dyn_delay="false" fastclk_name="" pullup_ena_name="clk_33m33_PULL_UP_ENA" dyn_delay_en_name="clk_33m33_DLY_ENA" dyn_delay_reset_name="clk_33m33_DLY_RST" dyn_delay_ctrl_name="clk_33m33_DLY_CTRL" clkmux_buf_name=""/>
        </efxpt:comp_gpio>
        <efxpt:comp_gpio name="clk_50m" gpio_def="GPIOB_P_11" mode="input" bus_name="" io_standard="1.8 V LVCMOS">
            <efxpt:input_config name="clk_50m" name_ddio_lo="" conn_type="pll_clkin" is_register="false" clock_name="" is_clock_inverted="false" pull_option="none" is_schmitt_trigger="false" ddio_type="none" is_bus_hold="false" delay="0" is_serial="false" is_dyn_delay="false" fastclk_name="" pullup_ena_name="clk_50m_PULL_UP_ENA" dyn_delay_en_name="clk_50m_DLY_ENA" dyn_delay_reset_name="clk_50m_DLY_RST" dyn_delay_ctrl_name="clk_50m_DLY_CTRL" clkmux_buf_name=""/>
        </efxpt:comp_gpio>
        <efxpt:comp_gpio name="intrc" gpio_def="GPIOR_66" mode="output" bus_name="" io_standard="3.3 V LVCMOS">
            <efxpt:output_config name="intrc" name_ddio_lo="" register_option="none" clock_name="" is_clock_inverted="false" is_slew_rate="false" tied_option="none" ddio_type="none" delay="0" is_serial="false" drive_strength="2" fastclk_name=""/>
        </efxpt:comp_gpio>
        <efxpt:comp_gpio name="io_asyncReset" gpio_def="GPIOB_N_13" mode="input" bus_name="" io_standard="1.8 V LVCMOS">
            <efxpt:input_config name="io_asyncReset" name_ddio_lo="" conn_type="normal" is_register="false" clock_name="" is_clock_inverted="false" pull_option="weak pullup" is_schmitt_trigger="true" ddio_type="none" is_bus_hold="false" delay="0" is_serial="false" is_dyn_delay="false" fastclk_name="" pullup_ena_name="io_asyncReset_PULL_UP_ENA" dyn_delay_en_name="io_asyncReset_DLY_ENA" dyn_delay_reset_name="io_asyncReset_DLY_RST" dyn_delay_ctrl_name="io_asyncReset_DLY_CTRL" clkmux_buf_name=""/>
        </efxpt:comp_gpio>
        <efxpt:comp_gpio name="led[0]" gpio_def="GPIOB_N_02" mode="output" bus_name="led" io_standard="1.8 V LVCMOS">
            <efxpt:output_config name="led[0]" name_ddio_lo="" register_option="none" clock_name="" is_clock_inverted="false" is_slew_rate="false" tied_option="none" ddio_type="none" delay="0" is_serial="false" drive_strength="4" fastclk_name=""/>
        </efxpt:comp_gpio>
        <efxpt:comp_gpio name="led[1]" gpio_def="GPIOB_P_02" mode="output" bus_name="led" io_standard="1.8 V LVCMOS">
            <efxpt:output_config name="led[1]" name_ddio_lo="" register_option="none" clock_name="" is_clock_inverted="false" is_slew_rate="false" tied_option="none" ddio_type="none" delay="0" is_serial="false" drive_strength="4" fastclk_name=""/>
        </efxpt:comp_gpio>
        <efxpt:comp_gpio name="led[2]" gpio_def="GPIOB_P_13" mode="output" bus_name="led" io_standard="1.8 V LVCMOS">
            <efxpt:output_config name="led[2]" name_ddio_lo="" register_option="none" clock_name="" is_clock_inverted="false" is_slew_rate="false" tied_option="none" ddio_type="none" delay="0" is_serial="false" drive_strength="4" fastclk_name=""/>
        </efxpt:comp_gpio>
        <efxpt:comp_gpio name="led[3]" gpio_def="GPIOB_P_14" mode="output" bus_name="led" io_standard="1.8 V LVCMOS">
            <efxpt:output_config name="led[3]" name_ddio_lo="" register_option="none" clock_name="" is_clock_inverted="false" is_slew_rate="false" tied_option="none" ddio_type="none" delay="0" is_serial="false" drive_strength="4" fastclk_name=""/>
        </efxpt:comp_gpio>
        <efxpt:comp_gpio name="led[4]" gpio_def="GPIOB_N_11" mode="output" bus_name="led" io_standard="1.8 V LVCMOS">
            <efxpt:output_config name="led[4]" name_ddio_lo="" register_option="none" clock_name="" is_clock_inverted="false" is_slew_rate="false" tied_option="none" ddio_type="none" delay="0" is_serial="false" drive_strength="4" fastclk_name=""/>
        </efxpt:comp_gpio>
        <efxpt:comp_gpio name="led[5]" gpio_def="GPIOB_P_12" mode="output" bus_name="led" io_standard="1.8 V LVCMOS">
            <efxpt:output_config name="led[5]" name_ddio_lo="" register_option="none" clock_name="" is_clock_inverted="false" is_slew_rate="false" tied_option="none" ddio_type="none" delay="0" is_serial="false" drive_strength="4" fastclk_name=""/>
        </efxpt:comp_gpio>
        <efxpt:comp_gpio name="phy_mdc" gpio_def="GPIOT_N_13" mode="output" bus_name="" io_standard="1.8 V LVCMOS">
            <efxpt:output_config name="phy_mdc" name_ddio_lo="" register_option="none" clock_name="" is_clock_inverted="false" is_slew_rate="false" tied_option="none" ddio_type="none" delay="0" is_serial="false" drive_strength="4" fastclk_name=""/>
        </efxpt:comp_gpio>
        <efxpt:comp_gpio name="phy_mdio" gpio_def="GPIOT_P_13" mode="inout" bus_name="" io_standard="1.8 V LVCMOS">
            <efxpt:input_config name="phy_mdi" name_ddio_lo="" conn_type="normal" is_register="false" clock_name="" is_clock_inverted="false" pull_option="none" is_schmitt_trigger="false" ddio_type="none" is_bus_hold="false" delay="0" is_serial="false" is_dyn_delay="false" fastclk_name="" pullup_ena_name="phy_mdio_PULL_UP_ENA" dyn_delay_en_name="phy_mdio_DLY_ENA" dyn_delay_reset_name="phy_mdio_DLY_RST" dyn_delay_ctrl_name="phy_mdio_DLY_CTRL" clkmux_buf_name=""/>
            <efxpt:output_config name="phy_mdo" name_ddio_lo="" register_option="none" clock_name="" is_clock_inverted="false" is_slew_rate="false" tied_option="none" ddio_type="none" delay="0" is_serial="false" drive_strength="4" fastclk_name=""/>
            <efxpt:output_enable_config name="phy_mdo_en" is_register="false" clock_name="" is_clock_inverted="false" name_oen="phy_mdio_OEN"/>
        </efxpt:comp_gpio>
        <efxpt:comp_gpio name="phy_rstn" gpio_def="GPIOB_N_15" mode="inout" bus_name="" io_standard="1.8 V LVCMOS">
            <efxpt:input_config name="phy_rstn_IN" name_ddio_lo="" conn_type="normal" is_register="false" clock_name="" is_clock_inverted="false" pull_option="none" is_schmitt_trigger="false" ddio_type="none" is_bus_hold="false" delay="0" is_serial="false" is_dyn_delay="false" fastclk_name="" pullup_ena_name="phy_rstn_PULL_UP_ENA" dyn_delay_en_name="phy_rstn_DLY_ENA" dyn_delay_reset_name="phy_rstn_DLY_RST" dyn_delay_ctrl_name="phy_rstn_DLY_CTRL" clkmux_buf_name=""/>
            <efxpt:output_config name="phy_rstn_OUT" name_ddio_lo="" register_option="none" clock_name="" is_clock_inverted="false" is_slew_rate="false" tied_option="__gnd__" ddio_type="none" delay="0" is_serial="false" drive_strength="4" fastclk_name=""/>
            <efxpt:output_enable_config name="phy_rst" is_register="false" clock_name="" is_clock_inverted="false" name_oen="phy_rstn_OEN"/>
        </efxpt:comp_gpio>
        <efxpt:comp_gpio name="rgmii_rx_ctl" gpio_def="GPIOR_N_17" mode="input" bus_name="" io_standard="1.8 V LVCMOS">
            <efxpt:input_config name="rgmii_rx_ctl_HI" name_ddio_lo="rgmii_rx_ctl_LO" conn_type="normal" is_register="true" clock_name="rgmii_rxc" is_clock_inverted="false" pull_option="none" is_schmitt_trigger="false" ddio_type="pipeline" is_bus_hold="false" delay="14" is_serial="false" is_dyn_delay="false" fastclk_name="" pullup_ena_name="rgmii_rx_ctl_PULL_UP_ENA" dyn_delay_en_name="rgmii_rx_ctl_DLY_ENA" dyn_delay_reset_name="rgmii_rx_ctl_DLY_RST" dyn_delay_ctrl_name="rgmii_rx_ctl_DLY_CTRL" clkmux_buf_name=""/>
        </efxpt:comp_gpio>
        <efxpt:comp_gpio name="rgmii_rxc_phy" gpio_def="GPIOR_P_16" mode="input" bus_name="" io_standard="1.8 V LVCMOS">
            <efxpt:input_config name="rgmii_rxc_phy" name_ddio_lo="" conn_type="pll_clkin" is_register="false" clock_name="" is_clock_inverted="false" pull_option="none" is_schmitt_trigger="false" ddio_type="none" is_bus_hold="false" delay="0" is_serial="false" is_dyn_delay="false" fastclk_name="" pullup_ena_name="rgmii_rxc_phy_PULL_UP_ENA" dyn_delay_en_name="rgmii_rxc_phy_DLY_ENA" dyn_delay_reset_name="rgmii_rxc_phy_DLY_RST" dyn_delay_ctrl_name="rgmii_rxc_phy_DLY_CTRL" clkmux_buf_name=""/>
        </efxpt:comp_gpio>
        <efxpt:comp_gpio name="rgmii_rxc_slow" gpio_def="GPIOR_P_23" mode="input" bus_name="" io_standard="1.8 V LVCMOS">
            <efxpt:input_config name="rgmii_rxc_slow" name_ddio_lo="" conn_type="gclk" is_register="false" clock_name="" is_clock_inverted="false" pull_option="none" is_schmitt_trigger="false" ddio_type="none" is_bus_hold="false" delay="0" is_serial="false" is_dyn_delay="false" fastclk_name="" pullup_ena_name="rgmii_rxc_slow_PULL_UP_ENA" dyn_delay_en_name="rgmii_rxc_slow_DLY_ENA" dyn_delay_reset_name="rgmii_rxc_slow_DLY_RST" dyn_delay_ctrl_name="rgmii_rxc_slow_DLY_CTRL" clkmux_buf_name=""/>
        </efxpt:comp_gpio>
        <efxpt:comp_gpio name="rgmii_rxd[0]" gpio_def="GPIOR_N_20" mode="input" bus_name="rgmii_rxd" io_standard="1.8 V LVCMOS">
            <efxpt:input_config name="rgmii_rxd_LO[0]" name_ddio_lo="rgmii_rxd_HI[0]" conn_type="normal" is_register="true" clock_name="rgmii_rxc" is_clock_inverted="false" pull_option="none" is_schmitt_trigger="false" ddio_type="pipeline" is_bus_hold="false" delay="6" is_serial="false" is_dyn_delay="false" fastclk_name="" pullup_ena_name="rgmii_rxd_PULL_UP_ENA[0]" dyn_delay_en_name="rgmii_rxd_DLY_ENA[0]" dyn_delay_reset_name="rgmii_rxd_DLY_RST[0]" dyn_delay_ctrl_name="rgmii_rxd_DLY_CTRL[0]" clkmux_buf_name=""/>
        </efxpt:comp_gpio>
        <efxpt:comp_gpio name="rgmii_rxd[1]" gpio_def="GPIOR_P_20" mode="input" bus_name="rgmii_rxd" io_standard="1.8 V LVCMOS">
            <efxpt:input_config name="rgmii_rxd_LO[1]" name_ddio_lo="rgmii_rxd_HI[1]" conn_type="normal" is_register="true" clock_name="rgmii_rxc" is_clock_inverted="false" pull_option="none" is_schmitt_trigger="false" ddio_type="pipeline" is_bus_hold="false" delay="6" is_serial="false" is_dyn_delay="false" fastclk_name="" pullup_ena_name="rgmii_rxd_PULL_UP_ENA[1]" dyn_delay_en_name="rgmii_rxd_DLY_ENA[1]" dyn_delay_reset_name="rgmii_rxd_DLY_RST[1]" dyn_delay_ctrl_name="rgmii_rxd_DLY_CTRL[1]" clkmux_buf_name=""/>
        </efxpt:comp_gpio>
        <efxpt:comp_gpio name="rgmii_rxd[2]" gpio_def="GPIOR_N_18" mode="input" bus_name="rgmii_rxd" io_standard="1.8 V LVCMOS">
            <efxpt:input_config name="rgmii_rxd_LO[2]" name_ddio_lo="rgmii_rxd_HI[2]" conn_type="normal" is_register="true" clock_name="rgmii_rxc" is_clock_inverted="false" pull_option="none" is_schmitt_trigger="false" ddio_type="pipeline" is_bus_hold="false" delay="6" is_serial="false" is_dyn_delay="false" fastclk_name="" pullup_ena_name="rgmii_rxd_PULL_UP_ENA[2]" dyn_delay_en_name="rgmii_rxd_DLY_ENA[2]" dyn_delay_reset_name="rgmii_rxd_DLY_RST[2]" dyn_delay_ctrl_name="rgmii_rxd_DLY_CTRL[2]" clkmux_buf_name=""/>
        </efxpt:comp_gpio>
        <efxpt:comp_gpio name="rgmii_rxd[3]" gpio_def="GPIOR_P_18" mode="input" bus_name="rgmii_rxd" io_standard="1.8 V LVCMOS">
            <efxpt:input_config name="rgmii_rxd_LO[3]" name_ddio_lo="rgmii_rxd_HI[3]" conn_type="normal" is_register="true" clock_name="rgmii_rxc" is_clock_inverted="false" pull_option="none" is_schmitt_trigger="false" ddio_type="pipeline" is_bus_hold="false" delay="6" is_serial="false" is_dyn_delay="false" fastclk_name="" pullup_ena_name="rgmii_rxd_PULL_UP_ENA[3]" dyn_delay_en_name="rgmii_rxd_DLY_ENA[3]" dyn_delay_reset_name="rgmii_rxd_DLY_RST[3]" dyn_delay_ctrl_name="rgmii_rxd_DLY_CTRL[3]" clkmux_buf_name=""/>
        </efxpt:comp_gpio>
        <efxpt:comp_gpio name="rgmii_tx_ctl" gpio_def="GPIOR_P_22" mode="output" bus_name="" io_standard="1.8 V LVCMOS">
            <efxpt:output_config name="rgmii_tx_ctl_HI" name_ddio_lo="rgmii_tx_ctl_LO" register_option="register" clock_name="io_tseClk" is_clock_inverted="false" is_slew_rate="false" tied_option="none" ddio_type="resync" delay="0" is_serial="false" drive_strength="4" fastclk_name=""/>
        </efxpt:comp_gpio>
        <efxpt:comp_gpio name="rgmii_txc" gpio_def="GPIOR_P_24" mode="output" bus_name="" io_standard="1.8 V LVCMOS">
            <efxpt:output_config name="rgmii_txc_HI" name_ddio_lo="rgmii_txc_LO" register_option="register" clock_name="io_tseClk_90" is_clock_inverted="false" is_slew_rate="false" tied_option="none" ddio_type="resync" delay="0" is_serial="false" drive_strength="16" fastclk_name=""/>
        </efxpt:comp_gpio>
        <efxpt:comp_gpio name="rgmii_txd[0]" gpio_def="GPIOT_N_20" mode="output" bus_name="rgmii_txd" io_standard="1.8 V LVCMOS">
            <efxpt:output_config name="rgmii_txd_HI[0]" name_ddio_lo="rgmii_txd_LO[0]" register_option="register" clock_name="io_tseClk" is_clock_inverted="false" is_slew_rate="false" tied_option="none" ddio_type="resync" delay="4" is_serial="false" drive_strength="16" fastclk_name=""/>
        </efxpt:comp_gpio>
        <efxpt:comp_gpio name="rgmii_txd[1]" gpio_def="GPIOT_P_20" mode="output" bus_name="rgmii_txd" io_standard="1.8 V LVCMOS">
            <efxpt:output_config name="rgmii_txd_HI[1]" name_ddio_lo="rgmii_txd_LO[1]" register_option="register" clock_name="io_tseClk" is_clock_inverted="false" is_slew_rate="false" tied_option="none" ddio_type="resync" delay="4" is_serial="false" drive_strength="16" fastclk_name=""/>
        </efxpt:comp_gpio>
        <efxpt:comp_gpio name="rgmii_txd[2]" gpio_def="GPIOR_N_21" mode="output" bus_name="rgmii_txd" io_standard="1.8 V LVCMOS">
            <efxpt:output_config name="rgmii_txd_HI[2]" name_ddio_lo="rgmii_txd_LO[2]" register_option="register" clock_name="io_tseClk" is_clock_inverted="false" is_slew_rate="false" tied_option="none" ddio_type="resync" delay="0" is_serial="false" drive_strength="16" fastclk_name=""/>
        </efxpt:comp_gpio>
        <efxpt:comp_gpio name="rgmii_txd[3]" gpio_def="GPIOR_P_21" mode="output" bus_name="rgmii_txd" io_standard="1.8 V LVCMOS">
            <efxpt:output_config name="rgmii_txd_HI[3]" name_ddio_lo="rgmii_txd_LO[3]" register_option="register" clock_name="io_tseClk" is_clock_inverted="false" is_slew_rate="false" tied_option="none" ddio_type="resync" delay="0" is_serial="false" drive_strength="16" fastclk_name=""/>
        </efxpt:comp_gpio>
        <efxpt:comp_gpio name="sd_clk" gpio_def="GPIOR_62" mode="output" bus_name="" io_standard="1.8 V LVCMOS">
            <efxpt:output_config name="sd_clk" name_ddio_lo="" register_option="register" clock_name="io_peripheralClk" is_clock_inverted="false" is_slew_rate="false" tied_option="none" ddio_type="none" delay="0" is_serial="false" drive_strength="4" fastclk_name=""/>
        </efxpt:comp_gpio>
        <efxpt:comp_gpio name="sd_cmd" gpio_def="GPIOR_60" mode="inout" bus_name="" io_standard="1.8 V LVCMOS">
            <efxpt:input_config name="sd_cmd_IN" name_ddio_lo="" conn_type="normal" is_register="true" clock_name="io_peripheralClk" is_clock_inverted="false" pull_option="none" is_schmitt_trigger="false" ddio_type="none" is_bus_hold="false" delay="0" is_serial="false" is_dyn_delay="false" fastclk_name="" pullup_ena_name="sd_cmd_PULL_UP_ENA" dyn_delay_en_name="sd_cmd_DLY_ENA" dyn_delay_reset_name="sd_cmd_DLY_RST" dyn_delay_ctrl_name="sd_cmd_DLY_CTRL" clkmux_buf_name=""/>
            <efxpt:output_config name="sd_cmd_OUT" name_ddio_lo="" register_option="register" clock_name="io_peripheralClk" is_clock_inverted="false" is_slew_rate="false" tied_option="none" ddio_type="none" delay="0" is_serial="false" drive_strength="4" fastclk_name=""/>
            <efxpt:output_enable_config name="sd_cmd_OE" is_register="true" clock_name="io_peripheralClk" is_clock_inverted="false" name_oen="sd_cmd_OEN"/>
        </efxpt:comp_gpio>
        <efxpt:comp_gpio name="sd_dat[0]" gpio_def="GPIOR_61" mode="inout" bus_name="sd_dat" io_standard="1.8 V LVCMOS">
            <efxpt:input_config name="sd_dat_IN[0]" name_ddio_lo="" conn_type="normal" is_register="true" clock_name="io_peripheralClk" is_clock_inverted="false" pull_option="none" is_schmitt_trigger="false" ddio_type="none" is_bus_hold="false" delay="0" is_serial="false" is_dyn_delay="false" fastclk_name="" pullup_ena_name="sd_dat_PULL_UP_ENA[0]" dyn_delay_en_name="sd_dat_DLY_ENA[0]" dyn_delay_reset_name="sd_dat_DLY_RST[0]" dyn_delay_ctrl_name="sd_dat_DLY_CTRL[0]" clkmux_buf_name=""/>
            <efxpt:output_config name="sd_dat_OUT[0]" name_ddio_lo="" register_option="register" clock_name="io_peripheralClk" is_clock_inverted="false" is_slew_rate="false" tied_option="none" ddio_type="none" delay="0" is_serial="false" drive_strength="4" fastclk_name=""/>
            <efxpt:output_enable_config name="sd_dat_OE[0]" is_register="true" clock_name="io_peripheralClk" is_clock_inverted="false" name_oen="sd_dat_OEN[0]"/>
        </efxpt:comp_gpio>
        <efxpt:comp_gpio name="sd_dat[1]" gpio_def="GPIOR_63" mode="inout" bus_name="sd_dat" io_standard="1.8 V LVCMOS">
            <efxpt:input_config name="sd_dat_IN[1]" name_ddio_lo="" conn_type="normal" is_register="true" clock_name="io_peripheralClk" is_clock_inverted="false" pull_option="none" is_schmitt_trigger="false" ddio_type="none" is_bus_hold="false" delay="0" is_serial="false" is_dyn_delay="false" fastclk_name="" pullup_ena_name="sd_dat_PULL_UP_ENA[1]" dyn_delay_en_name="sd_dat_DLY_ENA[1]" dyn_delay_reset_name="sd_dat_DLY_RST[1]" dyn_delay_ctrl_name="sd_dat_DLY_CTRL[1]" clkmux_buf_name=""/>
            <efxpt:output_config name="sd_dat_OUT[1]" name_ddio_lo="" register_option="register" clock_name="io_peripheralClk" is_clock_inverted="false" is_slew_rate="false" tied_option="none" ddio_type="none" delay="0" is_serial="false" drive_strength="4" fastclk_name=""/>
            <efxpt:output_enable_config name="sd_dat_OE[1]" is_register="true" clock_name="io_peripheralClk" is_clock_inverted="false" name_oen="sd_dat_OEN[1]"/>
        </efxpt:comp_gpio>
        <efxpt:comp_gpio name="sd_dat[2]" gpio_def="GPIOR_58" mode="inout" bus_name="sd_dat" io_standard="1.8 V LVCMOS">
            <efxpt:input_config name="sd_dat_IN[2]" name_ddio_lo="" conn_type="normal" is_register="true" clock_name="io_peripheralClk" is_clock_inverted="false" pull_option="none" is_schmitt_trigger="false" ddio_type="none" is_bus_hold="false" delay="0" is_serial="false" is_dyn_delay="false" fastclk_name="" pullup_ena_name="sd_dat_PULL_UP_ENA[2]" dyn_delay_en_name="sd_dat_DLY_ENA[2]" dyn_delay_reset_name="sd_dat_DLY_RST[2]" dyn_delay_ctrl_name="sd_dat_DLY_CTRL[2]" clkmux_buf_name=""/>
            <efxpt:output_config name="sd_dat_OUT[2]" name_ddio_lo="" register_option="register" clock_name="io_peripheralClk" is_clock_inverted="false" is_slew_rate="false" tied_option="none" ddio_type="none" delay="0" is_serial="false" drive_strength="4" fastclk_name=""/>
            <efxpt:output_enable_config name="sd_dat_OE[2]" is_register="true" clock_name="io_peripheralClk" is_clock_inverted="false" name_oen="sd_dat_OEN[2]"/>
        </efxpt:comp_gpio>
        <efxpt:comp_gpio name="sd_dat[3]" gpio_def="GPIOR_59" mode="inout" bus_name="sd_dat" io_standard="1.8 V LVCMOS">
            <efxpt:input_config name="sd_dat_IN[3]" name_ddio_lo="" conn_type="normal" is_register="true" clock_name="io_peripheralClk" is_clock_inverted="false" pull_option="none" is_schmitt_trigger="false" ddio_type="none" is_bus_hold="false" delay="0" is_serial="false" is_dyn_delay="false" fastclk_name="" pullup_ena_name="sd_dat_PULL_UP_ENA[3]" dyn_delay_en_name="sd_dat_DLY_ENA[3]" dyn_delay_reset_name="sd_dat_DLY_RST[3]" dyn_delay_ctrl_name="sd_dat_DLY_CTRL[3]" clkmux_buf_name=""/>
            <efxpt:output_config name="sd_dat_OUT[3]" name_ddio_lo="" register_option="register" clock_name="io_peripheralClk" is_clock_inverted="false" is_slew_rate="false" tied_option="none" ddio_type="none" delay="0" is_serial="false" drive_strength="4" fastclk_name=""/>
            <efxpt:output_enable_config name="sd_dat_OE[3]" is_register="true" clock_name="io_peripheralClk" is_clock_inverted="false" name_oen="sd_dat_OEN[3]"/>
        </efxpt:comp_gpio>
        <efxpt:comp_gpio name="system_gpio_0_io[0]" gpio_def="GPIOL_03" mode="inout" bus_name="system_gpio_0_io" io_standard="3.3 V LVCMOS">
            <efxpt:input_config name="system_gpio_0_io_read[0]" name_ddio_lo="" conn_type="normal" is_register="false" clock_name="" is_clock_inverted="false" pull_option="none" is_schmitt_trigger="false" ddio_type="none" is_bus_hold="false" delay="0" is_serial="false" is_dyn_delay="false" fastclk_name="" pullup_ena_name="system_gpio_0_io_PULL_UP_ENA[0]" dyn_delay_en_name="system_gpio_0_io_DLY_ENA[0]" dyn_delay_reset_name="system_gpio_0_io_DLY_RST[0]" dyn_delay_ctrl_name="system_gpio_0_io_DLY_CTRL[0]" clkmux_buf_name=""/>
            <efxpt:output_config name="system_gpio_0_io_write[0]" name_ddio_lo="" register_option="none" clock_name="" is_clock_inverted="false" is_slew_rate="false" tied_option="none" ddio_type="none" delay="0" is_serial="false" drive_strength="2" fastclk_name=""/>
            <efxpt:output_enable_config name="system_gpio_0_io_writeEnable[0]" is_register="false" clock_name="" is_clock_inverted="false" name_oen="system_gpio_0_io_OEN[0]"/>
        </efxpt:comp_gpio>
        <efxpt:comp_gpio name="system_gpio_0_io[1]" gpio_def="GPIOR_65" mode="inout" bus_name="system_gpio_0_io" io_standard="3.3 V LVCMOS">
            <efxpt:input_config name="system_gpio_0_io_read[1]" name_ddio_lo="" conn_type="normal" is_register="false" clock_name="" is_clock_inverted="false" pull_option="none" is_schmitt_trigger="false" ddio_type="none" is_bus_hold="false" delay="0" is_serial="false" is_dyn_delay="false" fastclk_name="" pullup_ena_name="system_gpio_0_io_PULL_UP_ENA[1]" dyn_delay_en_name="system_gpio_0_io_DLY_ENA[1]" dyn_delay_reset_name="system_gpio_0_io_DLY_RST[1]" dyn_delay_ctrl_name="system_gpio_0_io_DLY_CTRL[1]" clkmux_buf_name=""/>
            <efxpt:output_config name="system_gpio_0_io_write[1]" name_ddio_lo="" register_option="none" clock_name="" is_clock_inverted="false" is_slew_rate="false" tied_option="none" ddio_type="none" delay="0" is_serial="false" drive_strength="2" fastclk_name=""/>
            <efxpt:output_enable_config name="system_gpio_0_io_writeEnable[1]" is_register="false" clock_name="" is_clock_inverted="false" name_oen="system_gpio_0_io_OEN[1]"/>
        </efxpt:comp_gpio>
        <efxpt:comp_gpio name="system_gpio_0_io[2]" gpio_def="GPIOT_P_16" mode="inout" bus_name="system_gpio_0_io" io_standard="1.8 V LVCMOS">
            <efxpt:input_config name="system_gpio_0_io_read[2]" name_ddio_lo="" conn_type="normal" is_register="false" clock_name="" is_clock_inverted="false" pull_option="none" is_schmitt_trigger="false" ddio_type="none" is_bus_hold="false" delay="0" is_serial="false" is_dyn_delay="false" fastclk_name="" pullup_ena_name="system_gpio_0_io_PULL_UP_ENA[2]" dyn_delay_en_name="system_gpio_0_io_DLY_ENA[2]" dyn_delay_reset_name="system_gpio_0_io_DLY_RST[2]" dyn_delay_ctrl_name="system_gpio_0_io_DLY_CTRL[2]" clkmux_buf_name=""/>
            <efxpt:output_config name="system_gpio_0_io_write[2]" name_ddio_lo="" register_option="none" clock_name="" is_clock_inverted="false" is_slew_rate="false" tied_option="none" ddio_type="none" delay="0" is_serial="false" drive_strength="4" fastclk_name=""/>
            <efxpt:output_enable_config name="system_gpio_0_io_writeEnable[2]" is_register="false" clock_name="" is_clock_inverted="false" name_oen="system_gpio_0_io_OEN[2]"/>
        </efxpt:comp_gpio>
        <efxpt:comp_gpio name="system_gpio_0_io[3]" gpio_def="GPIOL_29" mode="inout" bus_name="system_gpio_0_io" io_standard="3.3 V LVCMOS">
            <efxpt:input_config name="system_gpio_0_io_read[3]" name_ddio_lo="" conn_type="normal" is_register="false" clock_name="" is_clock_inverted="false" pull_option="none" is_schmitt_trigger="false" ddio_type="none" is_bus_hold="false" delay="0" is_serial="false" is_dyn_delay="false" fastclk_name="" pullup_ena_name="system_gpio_0_io_PULL_UP_ENA[3]" dyn_delay_en_name="system_gpio_0_io_DLY_ENA[3]" dyn_delay_reset_name="system_gpio_0_io_DLY_RST[3]" dyn_delay_ctrl_name="system_gpio_0_io_DLY_CTRL[3]" clkmux_buf_name=""/>
            <efxpt:output_config name="system_gpio_0_io_write[3]" name_ddio_lo="" register_option="none" clock_name="" is_clock_inverted="false" is_slew_rate="false" tied_option="none" ddio_type="none" delay="0" is_serial="false" drive_strength="2" fastclk_name=""/>
            <efxpt:output_enable_config name="system_gpio_0_io_writeEnable[3]" is_register="false" clock_name="" is_clock_inverted="false" name_oen="system_gpio_0_io_OEN[3]"/>
        </efxpt:comp_gpio>
        <efxpt:comp_gpio name="system_i2c_0_io_scl" gpio_def="GPIOB_P_21" mode="inout" bus_name="" io_standard="1.8 V LVCMOS">
            <efxpt:input_config name="system_i2c_0_io_scl_read" name_ddio_lo="" conn_type="normal" is_register="false" clock_name="" is_clock_inverted="false" pull_option="none" is_schmitt_trigger="false" ddio_type="none" is_bus_hold="false" delay="0" is_serial="false" is_dyn_delay="false" fastclk_name="" pullup_ena_name="system_i2c_0_io_scl_PULL_UP_ENA" dyn_delay_en_name="system_i2c_0_io_scl_DLY_ENA" dyn_delay_reset_name="system_i2c_0_io_scl_DLY_RST" dyn_delay_ctrl_name="system_i2c_0_io_scl_DLY_CTRL" clkmux_buf_name=""/>
            <efxpt:output_config name="system_i2c_0_io_scl_write" name_ddio_lo="" register_option="none" clock_name="" is_clock_inverted="false" is_slew_rate="false" tied_option="none" ddio_type="none" delay="0" is_serial="false" drive_strength="4" fastclk_name=""/>
            <efxpt:output_enable_config name="system_i2c_0_io_scl_writeEnable" is_register="false" clock_name="" is_clock_inverted="false" name_oen="system_i2c_0_io_scl_OEN"/>
        </efxpt:comp_gpio>
        <efxpt:comp_gpio name="system_i2c_0_io_sda" gpio_def="GPIOB_N_21" mode="inout" bus_name="" io_standard="1.8 V LVCMOS">
            <efxpt:input_config name="system_i2c_0_io_sda_read" name_ddio_lo="" conn_type="normal" is_register="false" clock_name="" is_clock_inverted="false" pull_option="none" is_schmitt_trigger="false" ddio_type="none" is_bus_hold="false" delay="0" is_serial="false" is_dyn_delay="false" fastclk_name="" pullup_ena_name="system_i2c_0_io_sda_PULL_UP_ENA" dyn_delay_en_name="system_i2c_0_io_sda_DLY_ENA" dyn_delay_reset_name="system_i2c_0_io_sda_DLY_RST" dyn_delay_ctrl_name="system_i2c_0_io_sda_DLY_CTRL" clkmux_buf_name=""/>
            <efxpt:output_config name="system_i2c_0_io_sda_write" name_ddio_lo="" register_option="none" clock_name="" is_clock_inverted="false" is_slew_rate="false" tied_option="none" ddio_type="none" delay="0" is_serial="false" drive_strength="4" fastclk_name=""/>
            <efxpt:output_enable_config name="system_i2c_0_io_sda_writeEnable" is_register="false" clock_name="" is_clock_inverted="false" name_oen="system_i2c_0_io_sda_OEN"/>
        </efxpt:comp_gpio>
        <efxpt:comp_gpio name="system_spi_0_io_data_0" gpio_def="GPIOB_P_09" mode="inout" bus_name="" io_standard="1.8 V LVCMOS">
            <efxpt:input_config name="system_spi_0_io_data_0_read" name_ddio_lo="" conn_type="normal" is_register="true" clock_name="io_peripheralClk" is_clock_inverted="false" pull_option="none" is_schmitt_trigger="false" ddio_type="none" is_bus_hold="false" delay="0" is_serial="false" is_dyn_delay="false" fastclk_name="" pullup_ena_name="system_spi_0_io_data_0_PULL_UP_ENA" dyn_delay_en_name="system_spi_0_io_data_0_DLY_ENA" dyn_delay_reset_name="system_spi_0_io_data_0_DLY_RST" dyn_delay_ctrl_name="system_spi_0_io_data_0_DLY_CTRL" clkmux_buf_name=""/>
            <efxpt:output_config name="system_spi_0_io_data_0_write" name_ddio_lo="" register_option="register" clock_name="io_peripheralClk" is_clock_inverted="false" is_slew_rate="false" tied_option="none" ddio_type="none" delay="0" is_serial="false" drive_strength="4" fastclk_name=""/>
            <efxpt:output_enable_config name="system_spi_0_io_data_0_writeEnable" is_register="true" clock_name="io_peripheralClk" is_clock_inverted="false" name_oen="system_spi_0_io_data_0_OEN"/>
        </efxpt:comp_gpio>
        <efxpt:comp_gpio name="system_spi_0_io_data_1" gpio_def="GPIOB_N_09" mode="inout" bus_name="" io_standard="1.8 V LVCMOS">
            <efxpt:input_config name="system_spi_0_io_data_1_read" name_ddio_lo="" conn_type="normal" is_register="true" clock_name="io_peripheralClk" is_clock_inverted="false" pull_option="none" is_schmitt_trigger="false" ddio_type="none" is_bus_hold="false" delay="0" is_serial="false" is_dyn_delay="false" fastclk_name="" pullup_ena_name="system_spi_0_io_data_1_PULL_UP_ENA" dyn_delay_en_name="system_spi_0_io_data_1_DLY_ENA" dyn_delay_reset_name="system_spi_0_io_data_1_DLY_RST" dyn_delay_ctrl_name="system_spi_0_io_data_1_DLY_CTRL" clkmux_buf_name=""/>
            <efxpt:output_config name="system_spi_0_io_data_1_write" name_ddio_lo="" register_option="register" clock_name="io_peripheralClk" is_clock_inverted="false" is_slew_rate="false" tied_option="none" ddio_type="none" delay="0" is_serial="false" drive_strength="4" fastclk_name=""/>
            <efxpt:output_enable_config name="system_spi_0_io_data_1_writeEnable" is_register="true" clock_name="io_peripheralClk" is_clock_inverted="false" name_oen="system_spi_0_io_data_1_OEN"/>
        </efxpt:comp_gpio>
        <efxpt:comp_gpio name="system_spi_0_io_sclk_write" gpio_def="GPIOB_N_01" mode="output" bus_name="" io_standard="1.8 V LVCMOS">
            <efxpt:output_config name="system_spi_0_io_sclk_write" name_ddio_lo="" register_option="register" clock_name="io_peripheralClk" is_clock_inverted="false" is_slew_rate="false" tied_option="none" ddio_type="none" delay="0" is_serial="false" drive_strength="4" fastclk_name=""/>
        </efxpt:comp_gpio>
        <efxpt:comp_gpio name="system_spi_0_io_ss" gpio_def="GPIOB_P_08" mode="output" bus_name="" io_standard="1.8 V LVCMOS">
            <efxpt:output_config name="system_spi_0_io_ss" name_ddio_lo="" register_option="register" clock_name="io_peripheralClk" is_clock_inverted="false" is_slew_rate="false" tied_option="none" ddio_type="none" delay="0" is_serial="false" drive_strength="4" fastclk_name=""/>
        </efxpt:comp_gpio>
        <efxpt:comp_gpio name="system_uart_0_io_rxd" gpio_def="GPIOR_68" mode="input" bus_name="" io_standard="3.3 V LVCMOS">
            <efxpt:input_config name="system_uart_0_io_rxd" name_ddio_lo="" conn_type="normal" is_register="false" clock_name="" is_clock_inverted="false" pull_option="none" is_schmitt_trigger="false" ddio_type="none" is_bus_hold="false" delay="0" is_serial="false" is_dyn_delay="false" fastclk_name="" pullup_ena_name="system_uart_0_io_rxd_PULL_UP_ENA" dyn_delay_en_name="system_uart_0_io_rxd_DLY_ENA" dyn_delay_reset_name="system_uart_0_io_rxd_DLY_RST" dyn_delay_ctrl_name="system_uart_0_io_rxd_DLY_CTRL" clkmux_buf_name=""/>
        </efxpt:comp_gpio>
        <efxpt:comp_gpio name="system_uart_0_io_txd" gpio_def="GPIOR_67" mode="output" bus_name="" io_standard="3.3 V LVCMOS">
            <efxpt:output_config name="system_uart_0_io_txd" name_ddio_lo="" register_option="none" clock_name="" is_clock_inverted="false" is_slew_rate="false" tied_option="none" ddio_type="none" delay="0" is_serial="false" drive_strength="2" fastclk_name=""/>
        </efxpt:comp_gpio>
        <efxpt:global_unused_config state="input with weak pullup"/>
        <efxpt:bus name="rgmii_rxd" mode="input" msb="3" lsb="0"/>
        <efxpt:bus name="rgmii_txd" mode="output" msb="3" lsb="0"/>
        <efxpt:bus name="sd_dat" mode="inout" msb="3" lsb="0"/>
        <efxpt:bus name="led" mode="output" msb="5" lsb="0"/>
        <efxpt:bus name="system_gpio_0_io" mode="inout" msb="3" lsb="0"/>
    </efxpt:gpio_info>
    <efxpt:pll_info>
        <efxpt:pll name="my_ddr_pll" pll_def="PLL_TL2" ref_clock_name="" ref_clock_freq="33.3300" multiplier="4" pre_divider="1" post_divider="1" reset_name="my_ddr_pll_rstn" locked_name="my_ddr_pll_locked" is_ipfrz="false" is_bypass_lock="true">
            <efxpt:adv_prop ref_clock_mode="external" ref_clock1_name="" ext_ref_clock_id="3" clksel_name="" feedback_clock_name="ram_clk" feedback_mode="local"/>
            <efxpt:gen_pin>
                <efxpt:pin name="" type_name="SHIFT_ENA" is_bus="false"/>
                <efxpt:pin name="" type_name="DESKEWED" is_bus="false"/>
                <efxpt:pin name="" type_name="SHIFT" is_bus="true"/>
                <efxpt:pin name="" type_name="SHIFT_SEL" is_bus="true"/>
            </efxpt:gen_pin>
            <efxpt:comp_output_clock name="ram_clk" number="0" out_divider="28" is_dyn_phase="false" phase_setting="0" is_inverted="false" conn_type="gclk" clkmux_buf_name="">
                <efxpt:gen_pin>
                    <efxpt:pin name="" type_name="CLKMUX_BUF" is_bus="false"/>
                </efxpt:gen_pin>
            </efxpt:comp_output_clock>
            <efxpt:comp_output_clock name="my_ddr_pll_CLKOUT4" number="4" out_divider="5" is_dyn_phase="false" phase_setting="0" is_inverted="false" conn_type="gclk" clkmux_buf_name="">
                <efxpt:gen_pin>
                    <efxpt:pin name="" type_name="CLKMUX_BUF" is_bus="false"/>
                </efxpt:gen_pin>
            </efxpt:comp_output_clock>
            <efxpt:comp_prop/>
        </efxpt:pll>
        <efxpt:pll name="my_pll" pll_def="PLL_BL1" ref_clock_name="" ref_clock_freq="50.0000" multiplier="2" pre_divider="1" post_divider="4" reset_name="my_pll_rstn" locked_name="my_pll_locked" is_ipfrz="false" is_bypass_lock="true">
            <efxpt:adv_prop ref_clock_mode="external" ref_clock1_name="" ext_ref_clock_id="2" clksel_name="" feedback_clock_name="io_peripheralClk" feedback_mode="core"/>
            <efxpt:gen_pin>
                <efxpt:pin name="" type_name="SHIFT_ENA" is_bus="false"/>
                <efxpt:pin name="" type_name="DESKEWED" is_bus="false"/>
                <efxpt:pin name="" type_name="SHIFT" is_bus="true"/>
                <efxpt:pin name="" type_name="SHIFT_SEL" is_bus="true"/>
            </efxpt:gen_pin>
            <efxpt:comp_output_clock name="io_peripheralClk" number="0" out_divider="10" is_dyn_phase="false" phase_setting="0" is_inverted="false" conn_type="gclk" clkmux_buf_name="">
                <efxpt:gen_pin>
                    <efxpt:pin name="" type_name="CLKMUX_BUF" is_bus="false"/>
                </efxpt:gen_pin>
            </efxpt:comp_output_clock>
            <efxpt:comp_output_clock name="io_memoryClk" number="1" out_divider="10" is_dyn_phase="false" phase_setting="0" is_inverted="false" conn_type="gclk" clkmux_buf_name="">
                <efxpt:gen_pin>
                    <efxpt:pin name="" type_name="CLKMUX_BUF" is_bus="false"/>
                </efxpt:gen_pin>
            </efxpt:comp_output_clock>
            <efxpt:comp_output_clock name="io_tseClk" number="2" out_divider="8" is_dyn_phase="false" phase_setting="0" is_inverted="false" conn_type="gclk" clkmux_buf_name="">
                <efxpt:gen_pin>
                    <efxpt:pin name="" type_name="CLKMUX_BUF" is_bus="false"/>
                </efxpt:gen_pin>
            </efxpt:comp_output_clock>
            <efxpt:comp_output_clock name="io_tseClk_90" number="3" out_divider="8" is_dyn_phase="false" phase_setting="4" is_inverted="false" conn_type="gclk" clkmux_buf_name="">
                <efxpt:gen_pin>
                    <efxpt:pin name="" type_name="CLKMUX_BUF" is_bus="false"/>
                </efxpt:gen_pin>
            </efxpt:comp_output_clock>
            <efxpt:comp_output_clock name="io_systemClk" number="4" out_divider="5" is_dyn_phase="false" phase_setting="0" is_inverted="false" conn_type="gclk" clkmux_buf_name="">
                <efxpt:gen_pin/>
            </efxpt:comp_output_clock>
            <efxpt:comp_prop/>
        </efxpt:pll>
        <efxpt:pll name="tse_pll" pll_def="PLL_BR0" ref_clock_name="" ref_clock_freq="125.0000" multiplier="1" pre_divider="1" post_divider="4" reset_name="tse_pll_rstn" locked_name="tse_pll_locked" is_ipfrz="false" is_bypass_lock="true">
            <efxpt:adv_prop ref_clock_mode="external" ref_clock1_name="" ext_ref_clock_id="3" clksel_name="" feedback_clock_name="rgmii_rxc_dum" feedback_mode="core"/>
            <efxpt:gen_pin>
                <efxpt:pin name="" type_name="SHIFT_ENA" is_bus="false"/>
                <efxpt:pin name="" type_name="DESKEWED" is_bus="false"/>
                <efxpt:pin name="" type_name="SHIFT" is_bus="true"/>
                <efxpt:pin name="" type_name="SHIFT_SEL" is_bus="true"/>
            </efxpt:gen_pin>
            <efxpt:comp_output_clock name="rgmii_rxc_dum" number="0" out_divider="10" is_dyn_phase="false" phase_setting="0" is_inverted="true" conn_type="gclk" clkmux_buf_name="">
                <efxpt:gen_pin>
                    <efxpt:pin name="" type_name="CLKMUX_BUF" is_bus="false"/>
                </efxpt:gen_pin>
            </efxpt:comp_output_clock>
            <efxpt:comp_output_clock name="rgmii_rxc" number="1" out_divider="10" is_dyn_phase="false" phase_setting="5" is_inverted="true" conn_type="gclk" clkmux_buf_name="">
                <efxpt:gen_pin>
                    <efxpt:pin name="" type_name="CLKMUX_BUF" is_bus="false"/>
                </efxpt:gen_pin>
            </efxpt:comp_output_clock>
            <efxpt:comp_prop/>
        </efxpt:pll>
    </efxpt:pll_info>
    <efxpt:osc_info/>
    <efxpt:lvds_info/>
    <efxpt:mipi_info/>
    <efxpt:jtag_info>
        <efxpt:jtag name="jtag_inst1" jtag_def="JTAG_USER1">
            <efxpt:gen_pin>
                <efxpt:pin name="jtag_inst1_CAPTURE" type_name="CAPTURE" is_bus="false"/>
                <efxpt:pin name="jtag_inst1_DRCK" type_name="DRCK" is_bus="false"/>
                <efxpt:pin name="jtag_inst1_RESET" type_name="RESET" is_bus="false"/>
                <efxpt:pin name="jtag_inst1_RUNTEST" type_name="RUNTEST" is_bus="false"/>
                <efxpt:pin name="jtag_inst1_SEL" type_name="SEL" is_bus="false"/>
                <efxpt:pin name="jtag_inst1_SHIFT" type_name="SHIFT" is_bus="false"/>
                <efxpt:pin name="jtag_inst1_TCK" type_name="TCK" is_bus="false"/>
                <efxpt:pin name="jtag_inst1_TDI" type_name="TDI" is_bus="false"/>
                <efxpt:pin name="jtag_inst1_TMS" type_name="TMS" is_bus="false"/>
                <efxpt:pin name="jtag_inst1_UPDATE" type_name="UPDATE" is_bus="false"/>
                <efxpt:pin name="jtag_inst1_TDO" type_name="TDO" is_bus="false"/>
            </efxpt:gen_pin>
        </efxpt:jtag>
    </efxpt:jtag_info>
    <efxpt:ddr_info>
        <efxpt:adv_ddr name="ddr_inst1" ddr_def="DDR_0" clkin_sel="2" data_width="32" physical_rank="1" mem_type="LPDDR4x" mem_density="4G">
            <efxpt:axi_target0 is_axi_width_256="false" is_axi_enable="true">
                <efxpt:gen_pin_axi>
                    <efxpt:pin name="io_memoryClk" type_name="ACLK_0" is_bus="false" is_clk="true" is_clk_invert="false"/>
                    <efxpt:pin name="io_ddrA_ar_apcmd" type_name="ARAPCMD_0" is_bus="false"/>
                    <efxpt:pin name="io_ddrA_ar_ready" type_name="ARREADY_0" is_bus="false"/>
                    <efxpt:pin name="io_ddrA_ar_valid" type_name="ARVALID_0" is_bus="false"/>
                    <efxpt:pin name="io_ddrA_ar_payload_lock" type_name="ARLOCK_0" is_bus="false"/>
                    <efxpt:pin name="io_ddrA_ar_payload_qos" type_name="ARQOS_0" is_bus="false"/>
                    <efxpt:pin name="io_ddrA_aw_apcmd" type_name="AWAPCMD_0" is_bus="false"/>
                    <efxpt:pin name="io_ddrA_aw_payload_allstrb" type_name="AWALLSTRB_0" is_bus="false"/>
                    <efxpt:pin name="io_ddrA_awcobuf" type_name="AWCOBUF_0" is_bus="false"/>
                    <efxpt:pin name="io_ddrA_aw_ready" type_name="AWREADY_0" is_bus="false"/>
                    <efxpt:pin name="io_ddrA_aw_valid" type_name="AWVALID_0" is_bus="false"/>
                    <efxpt:pin name="io_ddrA_aw_payload_lock" type_name="AWLOCK_0" is_bus="false"/>
                    <efxpt:pin name="io_ddrA_aw_payload_qos" type_name="AWQOS_0" is_bus="false"/>
                    <efxpt:pin name="io_ddrA_b_ready" type_name="BREADY_0" is_bus="false"/>
                    <efxpt:pin name="io_ddrA_b_valid" type_name="BVALID_0" is_bus="false"/>
                    <efxpt:pin name="io_ddrA_r_payload_last" type_name="RLAST_0" is_bus="false"/>
                    <efxpt:pin name="io_ddrA_r_ready" type_name="RREADY_0" is_bus="false"/>
                    <efxpt:pin name="io_ddrA_r_valid" type_name="RVALID_0" is_bus="false"/>
                    <efxpt:pin name="io_ddrA_w_payload_last" type_name="WLAST_0" is_bus="false"/>
                    <efxpt:pin name="io_ddrA_w_ready" type_name="WREADY_0" is_bus="false"/>
                    <efxpt:pin name="io_ddrA_w_valid" type_name="WVALID_0" is_bus="false"/>
                    <efxpt:pin name="io_ddrA_ar_payload_addr" type_name="ARADDR_0" is_bus="true"/>
                    <efxpt:pin name="io_ddrA_ar_payload_burst" type_name="ARBURST_0" is_bus="true"/>
                    <efxpt:pin name="io_ddrA_ar_payload_id" type_name="ARID_0" is_bus="true"/>
                    <efxpt:pin name="io_ddrA_ar_payload_len" type_name="ARLEN_0" is_bus="true"/>
                    <efxpt:pin name="io_ddrA_ar_payload_size" type_name="ARSIZE_0" is_bus="true"/>
                    <efxpt:pin name="io_ddrA_aw_payload_addr" type_name="AWADDR_0" is_bus="true"/>
                    <efxpt:pin name="io_ddrA_aw_payload_burst" type_name="AWBURST_0" is_bus="true"/>
                    <efxpt:pin name="io_ddrA_aw_payload_id" type_name="AWID_0" is_bus="true"/>
                    <efxpt:pin name="io_ddrA_aw_payload_len" type_name="AWLEN_0" is_bus="true"/>
                    <efxpt:pin name="io_ddrA_aw_payload_size" type_name="AWSIZE_0" is_bus="true"/>
                    <efxpt:pin name="io_ddrA_aw_payload_cache" type_name="AWCACHE_0" is_bus="true"/>
                    <efxpt:pin name="io_ddrA_b_payload_id" type_name="BID_0" is_bus="true"/>
                    <efxpt:pin name="io_ddrA_b_payload_resp" type_name="BRESP_0" is_bus="true"/>
                    <efxpt:pin name="io_ddrA_r_payload_data" type_name="RDATA_0" is_bus="true"/>
                    <efxpt:pin name="io_ddrA_r_payload_id" type_name="RID_0" is_bus="true"/>
                    <efxpt:pin name="io_ddrA_r_payload_resp" type_name="RRESP_0" is_bus="true"/>
                    <efxpt:pin name="io_ddrA_w_payload_data" type_name="WDATA_0" is_bus="true"/>
                    <efxpt:pin name="io_ddrA_w_payload_strb" type_name="WSTRB_0" is_bus="true"/>
                    <efxpt:pin name="io_memoryResetn" type_name="ARSTN_0" is_bus="false"/>
                </efxpt:gen_pin_axi>
            </efxpt:axi_target0>
            <efxpt:axi_target1 is_axi_width_256="false" is_axi_enable="false">
                <efxpt:gen_pin_axi>
                    <efxpt:pin name="" type_name="ACLK_1" is_bus="false" is_clk="true" is_clk_invert="false"/>
                    <efxpt:pin name="" type_name="ARAPCMD_1" is_bus="false"/>
                    <efxpt:pin name="" type_name="ARREADY_1" is_bus="false"/>
                    <efxpt:pin name="" type_name="ARVALID_1" is_bus="false"/>
                    <efxpt:pin name="" type_name="ARLOCK_1" is_bus="false"/>
                    <efxpt:pin name="" type_name="ARQOS_1" is_bus="false"/>
                    <efxpt:pin name="" type_name="AWAPCMD_1" is_bus="false"/>
                    <efxpt:pin name="" type_name="AWALLSTRB_1" is_bus="false"/>
                    <efxpt:pin name="" type_name="AWCOBUF_1" is_bus="false"/>
                    <efxpt:pin name="" type_name="AWREADY_1" is_bus="false"/>
                    <efxpt:pin name="" type_name="AWVALID_1" is_bus="false"/>
                    <efxpt:pin name="" type_name="AWLOCK_1" is_bus="false"/>
                    <efxpt:pin name="" type_name="AWQOS_1" is_bus="false"/>
                    <efxpt:pin name="" type_name="BREADY_1" is_bus="false"/>
                    <efxpt:pin name="" type_name="BVALID_1" is_bus="false"/>
                    <efxpt:pin name="" type_name="RLAST_1" is_bus="false"/>
                    <efxpt:pin name="" type_name="RREADY_1" is_bus="false"/>
                    <efxpt:pin name="" type_name="RVALID_1" is_bus="false"/>
                    <efxpt:pin name="" type_name="WLAST_1" is_bus="false"/>
                    <efxpt:pin name="" type_name="WREADY_1" is_bus="false"/>
                    <efxpt:pin name="" type_name="WVALID_1" is_bus="false"/>
                    <efxpt:pin name="" type_name="ARADDR_1" is_bus="true"/>
                    <efxpt:pin name="" type_name="ARBURST_1" is_bus="true"/>
                    <efxpt:pin name="" type_name="ARID_1" is_bus="true"/>
                    <efxpt:pin name="" type_name="ARLEN_1" is_bus="true"/>
                    <efxpt:pin name="" type_name="ARSIZE_1" is_bus="true"/>
                    <efxpt:pin name="" type_name="AWADDR_1" is_bus="true"/>
                    <efxpt:pin name="" type_name="AWBURST_1" is_bus="true"/>
                    <efxpt:pin name="" type_name="AWID_1" is_bus="true"/>
                    <efxpt:pin name="" type_name="AWLEN_1" is_bus="true"/>
                    <efxpt:pin name="" type_name="AWSIZE_1" is_bus="true"/>
                    <efxpt:pin name="" type_name="AWCACHE_1" is_bus="true"/>
                    <efxpt:pin name="" type_name="BID_1" is_bus="true"/>
                    <efxpt:pin name="" type_name="BRESP_1" is_bus="true"/>
                    <efxpt:pin name="" type_name="RDATA_1" is_bus="true"/>
                    <efxpt:pin name="" type_name="RID_1" is_bus="true"/>
                    <efxpt:pin name="" type_name="RRESP_1" is_bus="true"/>
                    <efxpt:pin name="" type_name="WDATA_1" is_bus="true"/>
                    <efxpt:pin name="" type_name="WSTRB_1" is_bus="true"/>
                    <efxpt:pin name="" type_name="ARSTN_1" is_bus="false"/>
                </efxpt:gen_pin_axi>
            </efxpt:axi_target1>
            <efxpt:gen_pin_controller>
                <efxpt:pin name="" type_name="CTRL_CLK" is_bus="false" is_clk="true" is_clk_invert="false"/>
                <efxpt:pin name="" type_name="CTRL_INT" is_bus="false"/>
                <efxpt:pin name="" type_name="CTRL_MEM_RST_VALID" is_bus="false"/>
                <efxpt:pin name="" type_name="CTRL_REFRESH" is_bus="false"/>
                <efxpt:pin name="" type_name="CTRL_BUSY" is_bus="false"/>
                <efxpt:pin name="" type_name="CTRL_CMD_Q_ALMOST_FULL" is_bus="false"/>
                <efxpt:pin name="" type_name="CTRL_DP_IDLE" is_bus="false"/>
                <efxpt:pin name="" type_name="CTRL_CKE" is_bus="true"/>
                <efxpt:pin name="" type_name="CTRL_PORT_BUSY" is_bus="true"/>
            </efxpt:gen_pin_controller>
            <efxpt:gen_pin_cfg_ctrl>
                <efxpt:pin name="cfg_done" type_name="CFG_DONE" is_bus="false"/>
                <efxpt:pin name="cfg_start" type_name="CFG_START" is_bus="false"/>
                <efxpt:pin name="cfg_reset" type_name="CFG_RESET" is_bus="false"/>
                <efxpt:pin name="cfg_sel" type_name="CFG_SEL" is_bus="false"/>
            </efxpt:gen_pin_cfg_ctrl>
            <efxpt:ctrl_reg_inf is_reg_ena="false">
                <efxpt:gen_pin_ctrl_reg_inf>
                    <efxpt:pin name="" type_name="CR_ACLK" is_bus="false" is_clk="true" is_clk_invert="false"/>
                    <efxpt:pin name="ddr_inst1_CR_ARESETN" type_name="CR_ARESETN" is_bus="false"/>
                    <efxpt:pin name="ddr_inst1_CR_ARVALID" type_name="CR_ARVALID" is_bus="false"/>
                    <efxpt:pin name="ddr_inst1_CR_ARREADY" type_name="CR_ARREADY" is_bus="false"/>
                    <efxpt:pin name="ddr_inst1_CR_AWVALID" type_name="CR_AWVALID" is_bus="false"/>
                    <efxpt:pin name="ddr_inst1_CR_AWREADY" type_name="CR_AWREADY" is_bus="false"/>
                    <efxpt:pin name="ddr_inst1_CR_BVALID" type_name="CR_BVALID" is_bus="false"/>
                    <efxpt:pin name="ddr_inst1_CR_BREADY" type_name="CR_BREADY" is_bus="false"/>
                    <efxpt:pin name="ddr_inst1_CR_RLAST" type_name="CR_RLAST" is_bus="false"/>
                    <efxpt:pin name="ddr_inst1_CR_RVALID" type_name="CR_RVALID" is_bus="false"/>
                    <efxpt:pin name="ddr_inst1_CR_RREADY" type_name="CR_RREADY" is_bus="false"/>
                    <efxpt:pin name="ddr_inst1_CR_WLAST" type_name="CR_WLAST" is_bus="false"/>
                    <efxpt:pin name="ddr_inst1_CR_WVALID" type_name="CR_WVALID" is_bus="false"/>
                    <efxpt:pin name="ddr_inst1_CR_WREADY" type_name="CR_WREADY" is_bus="false"/>
                    <efxpt:pin name="ddr_inst1_CFG_PHY_RSTN" type_name="CFG_PHY_RSTN" is_bus="false"/>
                    <efxpt:pin name="ddr_inst1_CTRL_RSTN" type_name="CTRL_RSTN" is_bus="false"/>
                    <efxpt:pin name="ddr_inst1_CR_ARADDR" type_name="CR_ARADDR" is_bus="true"/>
                    <efxpt:pin name="ddr_inst1_CR_ARID" type_name="CR_ARID" is_bus="true"/>
                    <efxpt:pin name="ddr_inst1_CR_ARLEN" type_name="CR_ARLEN" is_bus="true"/>
                    <efxpt:pin name="ddr_inst1_CR_ARSIZE" type_name="CR_ARSIZE" is_bus="true"/>
                    <efxpt:pin name="ddr_inst1_CR_ARBURST" type_name="CR_ARBURST" is_bus="true"/>
                    <efxpt:pin name="ddr_inst1_CR_AWADDR" type_name="CR_AWADDR" is_bus="true"/>
                    <efxpt:pin name="ddr_inst1_CR_AWID" type_name="CR_AWID" is_bus="true"/>
                    <efxpt:pin name="ddr_inst1_CR_AWLEN" type_name="CR_AWLEN" is_bus="true"/>
                    <efxpt:pin name="ddr_inst1_CR_AWSIZE" type_name="CR_AWSIZE" is_bus="true"/>
                    <efxpt:pin name="ddr_inst1_CR_AWBURST" type_name="CR_AWBURST" is_bus="true"/>
                    <efxpt:pin name="ddr_inst1_CR_BID" type_name="CR_BID" is_bus="true"/>
                    <efxpt:pin name="ddr_inst1_CR_BRESP" type_name="CR_BRESP" is_bus="true"/>
                    <efxpt:pin name="ddr_inst1_CR_RDATA" type_name="CR_RDATA" is_bus="true"/>
                    <efxpt:pin name="ddr_inst1_CR_RID" type_name="CR_RID" is_bus="true"/>
                    <efxpt:pin name="ddr_inst1_CR_RRESP" type_name="CR_RRESP" is_bus="true"/>
                    <efxpt:pin name="ddr_inst1_CR_WDATA" type_name="CR_WDATA" is_bus="true"/>
                    <efxpt:pin name="ddr_inst1_CR_WSTRB" type_name="CR_WSTRB" is_bus="true"/>
                </efxpt:gen_pin_ctrl_reg_inf>
            </efxpt:ctrl_reg_inf>
            <efxpt:cs_fpga>
                <efxpt:param name="DQ_PULLDOWN_DRV" value="34.3" value_type="str"/>
                <efxpt:param name="DQ_PULLDOWN_ODT" value="60" value_type="str"/>
                <efxpt:param name="DQ_PULLUP_DRV" value="34.3" value_type="str"/>
                <efxpt:param name="DQ_PULLUP_ODT" value="Hi-Z" value_type="str"/>
                <efxpt:param name="FPGA_VREF_RANGE0" value="21.780" value_type="float"/>
                <efxpt:param name="FPGA_VREF_RANGE1" value="23.000" value_type="float"/>
                <efxpt:param name="MEM_FPGA_VREF_RANGE" value="Range 1" value_type="str"/>
            </efxpt:cs_fpga>
            <efxpt:cs_memory>
                <efxpt:param name="BLEN" value="BL=16 Sequential" value_type="str"/>
                <efxpt:param name="CA_ODT_CS0" value="RZQ/6" value_type="str"/>
                <efxpt:param name="CA_ODT_CS1" value="Disable" value_type="str"/>
                <efxpt:param name="CA_VREF_RANGE0" value="27.200" value_type="float"/>
                <efxpt:param name="CA_VREF_RANGE1" value="30.000" value_type="float"/>
                <efxpt:param name="DQ_ODT_CS0" value="RZQ/4" value_type="str"/>
                <efxpt:param name="DQ_ODT_CS1" value="Disable" value_type="str"/>
                <efxpt:param name="DQ_VREF_RANGE0" value="27.200" value_type="float"/>
                <efxpt:param name="DQ_VREF_RANGE1" value="30.000" value_type="float"/>
                <efxpt:param name="MEM_CA_RANGE" value="RANGE[1]" value_type="str"/>
                <efxpt:param name="MEM_DQ_RANGE" value="RANGE[1]" value_type="str"/>
                <efxpt:param name="NWR" value="nWR=6" value_type="str"/>
                <efxpt:param name="ODTD_CA_CS0" value="Disabled" value_type="str"/>
                <efxpt:param name="ODTD_CA_CS1" value="Obeys ODT_CA Bond Pad" value_type="str"/>
                <efxpt:param name="ODTE_CK_CS0" value="Override Enabled" value_type="str"/>
                <efxpt:param name="ODTE_CK_CS1" value="Override Disabled" value_type="str"/>
                <efxpt:param name="ODTE_CS_CS0" value="Override Enabled" value_type="str"/>
                <efxpt:param name="ODTE_CS_CS1" value="Override Disabled" value_type="str"/>
                <efxpt:param name="PDDS_CS0" value="RZQ/6" value_type="str"/>
                <efxpt:param name="PDDS_CS1" value="RZQ/6" value_type="str"/>
                <efxpt:param name="RL_DBI_READ" value="No" value_type="str"/>
                <efxpt:param name="RL_DBI_READ_DISABLED" value="RL=6,nRTP=8" value_type="str"/>
                <efxpt:param name="RL_DBI_READ_ENABLED" value="RL=6,nRTP=8" value_type="str"/>
                <efxpt:param name="RL_DBI_WRITE" value="No" value_type="str"/>
                <efxpt:param name="WL_SET" value="Set A" value_type="str"/>
                <efxpt:param name="WL_SET_A" value="WL=4" value_type="str"/>
                <efxpt:param name="WL_SET_B" value="WL=4" value_type="str"/>
            </efxpt:cs_memory>
            <efxpt:cs_memory_timing>
                <efxpt:param name="tCCD" value="8" value_type="int"/>
                <efxpt:param name="tCCDMW" value="32" value_type="int"/>
                <efxpt:param name="tFAW" value="40.000" value_type="float"/>
                <efxpt:param name="tPPD" value="4" value_type="int"/>
                <efxpt:param name="tRAS" value="42.000" value_type="float"/>
                <efxpt:param name="tRCD" value="18.000" value_type="float"/>
                <efxpt:param name="tRPab" value="21.000" value_type="float"/>
                <efxpt:param name="tRPpb" value="18.000" value_type="float"/>
                <efxpt:param name="tRRD" value="10.000" value_type="float"/>
                <efxpt:param name="tRTP" value="7.500" value_type="float"/>
                <efxpt:param name="tSR" value="15.000" value_type="float"/>
                <efxpt:param name="tWR" value="18.000" value_type="float"/>
                <efxpt:param name="tWTR" value="10.000" value_type="float"/>
            </efxpt:cs_memory_timing>
        </efxpt:adv_ddr>
    </efxpt:ddr_info>
    <efxpt:mipi_dphy_info/>
    <efxpt:pll_ssc_info/>
</efxpt:design_db>
