<?xml version="1.0" encoding="UTF-8"?>
<efx:project name="dma_exp" description="" last_change_date="Fri June 18 2021 19:06:01" location="/home/supernova/work/efx_IPM_2021/efx_dma/fpga/T120F576_devkit" sw_version="2021.1.152" last_run_state="pass" last_run_tool="efx_pgm" last_run_flow="bitstream" config_result_in_sync="true" design_ood="sync" place_ood="sync" route_ood="sync" xmlns:efx="http://www.efinixinc.com/enf_proj" xmlns:xsi="http://www.w3.org/2001/XMLSchema-instance" xsi:schemaLocation="http://www.efinixinc.com/enf_proj enf_proj.xsd">
    <efx:device_info>
        <efx:family name="Trion"/>
        <efx:device name="T120F576"/>
        <efx:timing_model name="C4"/>
    </efx:device_info>
    <efx:design_info def_veri_version="verilog_2k" def_vhdl_version="vhdl_2008">
        <efx:top_module name="top"/>
        <efx:design_file name="top.v" version="default" library="default"/>
        <efx:design_file name="dma_loopback_tester.v" version="default" library="default"/>
        <efx:design_file name="ip/fifo/efx_asyncfifo_ctl.v" version="default" library="default"/>
        <efx:design_file name="ip/fifo/pipe_reg.v" version="default" library="default"/>
        <efx:design_file name="ip/fifo/simple_dual_port_ram_fifo.v" version="default" library="default"/>
        <efx:design_file name="ip/fifo/efx_fifo_ctl_sm.v" version="default" library="default"/>
        <efx:design_file name="ip/fifo/efx_syncfifo_ctl.v" version="default" library="default"/>
        <efx:design_file name="ip/fifo/bin2gray.v" version="default" library="default"/>
        <efx:design_file name="ip/fifo/gray2bin.v" version="default" library="default"/>
        <efx:design_file name="ip/fifo/efx_fifo_wrapper.v" version="default" library="default"/>
        <efx:top_vhdl_arch name=""/>
    </efx:design_info>
    <efx:constraint_info>
        <efx:sdc_file name="constraints.sdc"/>
        <efx:inter_file name=""/>
    </efx:constraint_info>
    <efx:sim_info/>
    <efx:misc_info/>
    <efx:ip_info>
        <efx:ip instance_name="soc_dma_exp_0" path="ip/soc_dma_exp_0/settings.json">
            <efx:ip_src_file name="soc_dma_exp_0.v"/>
        </efx:ip>
        <efx:ip instance_name="dma_exp_0" path="ip/dma_exp_0/settings.json">
            <efx:ip_src_file name="dma_exp_0.v"/>
        </efx:ip>
    </efx:ip_info>
    <efx:synthesis tool_name="efx_map">
        <efx:param name="work_dir" value="work_syn" value_type="e_string"/>
        <efx:param name="write_efx_verilog" value="on" value_type="e_bool"/>
        <efx:param name="mode" value="speed" value_type="e_option"/>
        <efx:param name="max_ram" value="-1" value_type="e_integer"/>
        <efx:param name="max_mult" value="-1" value_type="e_integer"/>
        <efx:param name="infer-clk-enable" value="3" value_type="e_option"/>
        <efx:param name="infer-sync-set-reset" value="1" value_type="e_option"/>
        <efx:param name="fanout-limit" value="0" value_type="e_integer"/>
        <efx:param name="bram_output_regs_packing" value="1" value_type="e_option"/>
        <efx:param name="mult_input_regs_packing" value="1" value_type="e_option"/>
        <efx:param name="mult_output_regs_packing" value="1" value_type="e_option"/>
        <efx:param name="retiming" value="0" value_type="e_option"/>
        <efx:param name="seq_opt" value="0" value_type="e_option"/>
        <efx:param name="blast_const_operand_adders" value="0" value_type="e_option"/>
        <efx:param name="include" value="ip/soc_dma_exp_0" value_type="e_string"/>
        <efx:param name="include" value="ip/dma_exp_0" value_type="e_string"/>
        <efx:param name="min-sr-fanout" value="0" value_type="e_integer"/>
        <efx:param name="operator-sharing" value="0" value_type="e_option"/>
        <efx:param name="optimize-adder-tree" value="0" value_type="e_option"/>
        <efx:param name="seq-opt-sync-only" value="0" value_type="e_option"/>
        <efx:param name="blackbox-error" value="1" value_type="e_option"/>
        <efx:param name="allow-const-ram-index" value="0" value_type="e_option"/>
        <efx:param name="hdl-compile-unit" value="1" value_type="e_option"/>
        <efx:param name="create-onehot-fsms" value="0" value_type="e_option"/>
        <efx:param name="min-ce-fanout" value="0" value_type="e_integer"/>
    </efx:synthesis>
    <efx:place_and_route tool_name="efx_pnr">
        <efx:param name="work_dir" value="work_pnr" value_type="e_string"/>
        <efx:param name="verbose" value="off" value_type="e_bool"/>
        <efx:param name="load_delaym" value="on" value_type="e_bool"/>
        <efx:param name="optimization_level" value="NULL" value_type="e_option"/>
        <efx:param name="seed" value="1" value_type="e_integer"/>
        <efx:param name="placer_effort_level" value="2" value_type="e_option"/>
        <efx:param name="max_threads" value="-1" value_type="e_integer"/>
        <efx:param name="enable_css" value="off" value_type="e_option"/>
    </efx:place_and_route>
    <efx:bitstream_generation tool_name="efx_pgm">
        <efx:param name="mode" value="active" value_type="e_option"/>
        <efx:param name="width" value="1" value_type="e_option"/>
        <efx:param name="cold_boot" value="off" value_type="e_bool"/>
        <efx:param name="cascade" value="off" value_type="e_option"/>
        <efx:param name="enable_roms" value="smart" value_type="e_option"/>
        <efx:param name="spi_low_power_mode" value="on" value_type="e_bool"/>
        <efx:param name="io_weak_pullup" value="on" value_type="e_bool"/>
        <efx:param name="oscillator_clock_divider" value="DIV8" value_type="e_option"/>
        <efx:param name="enable_crc_check" value="on" value_type="e_bool"/>
        <efx:param name="bitstream_compression" value="on" value_type="e_bool"/>
        <efx:param name="active_capture_clk_edge" value="posedge" value_type="e_option"/>
        <efx:param name="release_tri_then_reset" value="on" value_type="e_bool"/>
        <efx:param name="generate_bit" value="on" value_type="e_bool"/>
        <efx:param name="generate_bitbin" value="off" value_type="e_bool"/>
        <efx:param name="generate_hex" value="on" value_type="e_bool"/>
        <efx:param name="generate_hexbin" value="off" value_type="e_bool"/>
        <efx:param name="jtag_usercode" value="0xFFFFFFFF" value_type="e_string"/>
    </efx:bitstream_generation>
    <efx:debugger>
        <efx:param name="work_dir" value="work_dbg" value_type="e_string"/>
        <efx:param name="auto_instantiation" value="off" value_type="e_bool"/>
        <efx:param name="profile" value="NONE" value_type="e_string"/>
    </efx:debugger>
</efx:project>
