{
    "schemaVersion": "0.2.4",
    "contentVersion": "0.2.0",
    "headerVersion": "0.2.0",
    "license": "MIT",
    "copyright": "Copyright (C) 2013-2024 Efinix Inc. All rights reserved.",
    "device": {
        "Sapphire High Performance SoC": {
            "version": "1.0.0",
            "displayName": "Sapphire High Performance SoC",
            "description": " Hardened High Performance Quad Core RISC-V SoC",
            "supplier": {
                "name": "efinix",
                "id": "1",
                "displayName": "Efinix",
                "fullName": "Efinix, Inc.",
                "contact": "sales-na@efinixinc.com"
            },
            "busWidth": "32",
            "resetMask": "all",
            "resetValue": "0x00000000",
            "access": "rw",
            "headerGuardPrefix": "SAPPHIRE_HP_SOC_",
            "headerTypePrefix": "sapphire_hp_soc_",
            "headerInterruptPrefix": "sapphire_soc_interrupt_global_",
            "headerInterruptEnumPrefix": "riscv_interrupts_global_",
            "revision": "r0p0",
            "numInterrupts": "24",
            "priorityBits": "3",
            "regWidth": "32",
            "cores": {
                "VexRiscv": {
                    "harts": "4",
                    "isa": "RV32IMCAFD",
                    "isaVersion": "2.2",
                    "mpu": "none",
                    "mmu": "1",
                    "numLocalInterrupts": "24"
                }
            },
            "peripherals": {
                "clint": {
                    "description": "Core Local Interrupt (CLINT) Peripheral",
                    "baseAddress": "0xf8b00000",
                    "size": "0x10000",
                    "registers": {
                        "PIP": {
                            "description": "MSIP (Machine-mode Software Interrupts) Register per Hart",
                            "addressOffset": "0x0000",
                            "fields": {
                                "softInt": {
                                    "description": "Machine mode software interrupt.",
                                    "bitOffset": "0",
                                    "bitWidth": "1"
                                }
                            }
                        },
                        "mtimecmp(lo)": {
                            "description": "Machine Time Compare Registers per Hart (Lower 32 bit)",
                            "addressOffset": "0x4000",
                            "arraySize": "1",
                            "access": "w",
                            "regWidth": "32"
                        },
                        "mtimecmp(hi)": {
                            "description": "Machine Time Compare Registers per Hart (Higher 32 bit)",
                            "addressOffset": "0x4004",
                            "arraySize": "1",
                            "access": "w",
                            "regWidth": "32"
                        },
                        "mtime(lo)": {
                            "description": "Machine Time Register (Lower 32 bit)",
                            "addressOffset": "0xBFF8",
                            "access": "r",
                            "regWidth": "32"
                        },
                        "mtime(hi)": {
                            "description": "Machine Time Register (Higher 32 bit)",
                            "addressOffset": "0xBFFC",
                            "access": "r",
                            "regWidth": "32"
                        }
                    }
                },
                "plic": {
                    "description": "Platform-Level Interrupt Controller (PLIC) Peripheral",
                    "baseAddress": "0xf8c00000",
                    "size": "0x400000",
                    "registers": {
                        "pendings": {
                            "description": "Interrupt Pending Bits Registers",
                            "addressOffset": "0x1000",
                            "access": "r",
                            "fields": {
                                "userIntA_ip": {
                                    "description": "User Interrupt A Pending",
                                    "bitOffset": "1",
                                    "bitWidth": "1"
                                },
                                "userIntB_ip": {
                                    "description": "User Interrupt B Pending",
                                    "bitOffset": "2",
                                    "bitWidth": "1"
                                },
                                "userIntC_ip": {
                                    "description": "User Interrupt C Pending",
                                    "bitOffset": "3",
                                    "bitWidth": "1"
                                },
                                "userIntD_ip": {
                                    "description": "User Interrupt D Pending",
                                    "bitOffset": "4",
                                    "bitWidth": "1"
                                },
                                "userIntE_ip": {
                                    "description": "User Interrupt E Pending",
                                    "bitOffset": "5",
                                    "bitWidth": "1"
                                },
                                "userIntF_ip": {
                                    "description": "User Interrupt F Pending",
                                    "bitOffset": "6",
                                    "bitWidth": "1"
                                },
                                "userIntG_ip": {
                                    "description": "User Interrupt G Pending",
                                    "bitOffset": "7",
                                    "bitWidth": "1"
                                },
                                "userIntH_ip": {
                                    "description": "User Interrupt H Pending",
                                    "bitOffset": "8",
                                    "bitWidth": "1"
                                },
                                "userIntI_ip": {
                                    "description": "User Interrupt I Pending",
                                    "bitOffset": "9",
                                    "bitWidth": "1"
                                },
                                "userIntJ_ip": {
                                    "description": "User Interrupt J Pending",
                                    "bitOffset": "10",
                                    "bitWidth": "1"
                                },
                                "userIntK_ip": {
                                    "description": "User Interrupt K Pending",
                                    "bitOffset": "11",
                                    "bitWidth": "1"
                                },
                                "userIntL_ip": {
                                    "description": "User Interrupt L Pending",
                                    "bitOffset": "12",
                                    "bitWidth": "1"
                                },
                                "userIntM_ip": {
                                    "description": "User Interrupt M Pending",
                                    "bitOffset": "13",
                                    "bitWidth": "1"
                                },
                                "userIntN_ip": {
                                    "description": "User Interrupt N Pending",
                                    "bitOffset": "14",
                                    "bitWidth": "1"
                                },
                                "userIntO_ip": {
                                    "description": "User Interrupt O Pending",
                                    "bitOffset": "15",
                                    "bitWidth": "1"
                                },
                                "userIntP_ip": {
                                    "description": "User Interrupt P Pending",
                                    "bitOffset": "16",
                                    "bitWidth": "1"
                                },
                                "userIntQ_ip": {
                                    "description": "User Interrupt Q Pending",
                                    "bitOffset": "17",
                                    "bitWidth": "1"
                                },
                                "userIntR_ip": {
                                    "description": "User Interrupt R Pending",
                                    "bitOffset": "18",
                                    "bitWidth": "1"
                                },
                                "userIntS_ip": {
                                    "description": "User Interrupt S Pending",
                                    "bitOffset": "19",
                                    "bitWidth": "1"
                                },
                                "userIntT_ip": {
                                    "description": "User Interrupt T Pending",
                                    "bitOffset": "20",
                                    "bitWidth": "1"
                                },
                                "userIntU_ip": {
                                    "description": "User Interrupt U Pending",
                                    "bitOffset": "21",
                                    "bitWidth": "1"
                                },
                                "userIntV_ip": {
                                    "description": "User Interrupt V Pending",
                                    "bitOffset": "22",
                                    "bitWidth": "1"
                                },
                                "userIntW_ip": {
                                    "description": "User Interrupt W Pending",
                                    "bitOffset": "23",
                                    "bitWidth": "1"
                                },
                                "userIntX_ip": {
                                    "description": "User Interrupt X Pending",
                                    "bitOffset": "24",
                                    "bitWidth": "1"
                                },
                                "userTim0_ip": {
                                    "description": "User Timer Interrupt 0 Pending",
                                    "bitOffset": "50",
                                    "bitWidth": "1"
                                },
                                "userTim1_ip": {
                                    "description": "User Timer Interrupt 1 Pending",
                                    "bitOffset": "49",
                                    "bitWidth": "1"
                                },
                                "axiA_ip": {
                                    "description": "AXI A Interrupt Pending",
                                    "bitOffset": "30",
                                    "bitWidth": "1"
                                }
                            }
                        }
                    },
                    "clusters": {
                        "priorities": {
                            "description": "Interrupt Priorities Registers",
                            "addressOffset": "0x0000",
                            "clusters": {
                                "uart0": {
                                    "addressOffset": "0x0004",
                                    "description": "The priority for UART 0 global interrupt",
                                    "registers": {
                                        "priority": {
                                            "description": "The Priority Register",
                                            "addressOffset": "0x0000",
                                            "fields": {
                                                "value": {
                                                    "description": "The priority value",
                                                    "bitOffset": "0",
                                                    "bitWidth": "2",
                                                    "resetMask": "all",
                                                    "resetValue": "0x0"
                                                }
                                            }
                                        }
                                    }
                                },
                                "uart1": {
                                    "addressOffset": "0x0008",
                                    "description": "The priority for UART 1 global interrupt",
                                    "registers": {
                                        "priority": {
                                            "description": "The Priority Register",
                                            "addressOffset": "0x0000",
                                            "fields": {
                                                "value": {
                                                    "description": "The priority value",
                                                    "bitOffset": "0",
                                                    "bitWidth": "2",
                                                    "resetMask": "all",
                                                    "resetValue": "0x0"
                                                }
                                            }
                                        }
                                    }
                                },
                                "uart2": {
                                    "addressOffset": "0x000C",
                                    "description": "The priority for UART 2 global interrupt",
                                    "registers": {
                                        "priority": {
                                            "description": "The Priority Register",
                                            "addressOffset": "0x0000",
                                            "fields": {
                                                "value": {
                                                    "description": "The priority value",
                                                    "bitOffset": "0",
                                                    "bitWidth": "2",
                                                    "resetMask": "all",
                                                    "resetValue": "0x0"
                                                }
                                            }
                                        }
                                    }
                                },
                                "userTimer0": {
                                    "addressOffset": "0x004C",
                                    "description": "The priority for User Timer 0 global interrupt",
                                    "registers": {
                                        "priority": {
                                            "description": "The Priority Register",
                                            "addressOffset": "0x0000",
                                            "fields": {
                                                "value": {
                                                    "description": "The priority value",
                                                    "bitOffset": "0",
                                                    "bitWidth": "2",
                                                    "resetMask": "all",
                                                    "resetValue": "0x0"
                                                }
                                            }
                                        }
                                    }
                                },
                                "userTimer1": {
                                    "addressOffset": "0x0050",
                                    "description": "The priority for User Timer 1 global interrupt",
                                    "registers": {
                                        "priority": {
                                            "description": "The Priority Register",
                                            "addressOffset": "0x0000",
                                            "fields": {
                                                "value": {
                                                    "description": "The priority value",
                                                    "bitOffset": "0",
                                                    "bitWidth": "2",
                                                    "resetMask": "all",
                                                    "resetValue": "0x0"
                                                }
                                            }
                                        }
                                    }
                                },
                                "userTimer2": {
                                    "addressOffset": "0x0054",
                                    "description": "The priority for User Timer 2 global interrupt",
                                    "registers": {
                                        "priority": {
                                            "description": "The Priority Register",
                                            "addressOffset": "0x0000",
                                            "fields": {
                                                "value": {
                                                    "description": "The priority value",
                                                    "bitOffset": "0",
                                                    "bitWidth": "2",
                                                    "resetMask": "all",
                                                    "resetValue": "0x0"
                                                }
                                            }
                                        }
                                    }
                                },
                                "spi0": {
                                    "addressOffset": "0x0010",
                                    "description": "The priority for SPI 0 global interrupt",
                                    "registers": {
                                        "priority": {
                                            "description": "The Priority Register",
                                            "addressOffset": "0x0000",
                                            "fields": {
                                                "value": {
                                                    "description": "The priority value",
                                                    "bitOffset": "0",
                                                    "bitWidth": "2",
                                                    "resetMask": "all",
                                                    "resetValue": "0x0"
                                                }
                                            }
                                        }
                                    }
                                },
                                "spi1": {
                                    "addressOffset": "0x0014",
                                    "description": "The priority for SPI 1 global interrupt",
                                    "registers": {
                                        "priority": {
                                            "description": "The Priority Register",
                                            "addressOffset": "0x0000",
                                            "fields": {
                                                "value": {
                                                    "description": "The priority value",
                                                    "bitOffset": "0",
                                                    "bitWidth": "2",
                                                    "resetMask": "all",
                                                    "resetValue": "0x0"
                                                }
                                            }
                                        }
                                    }
                                },
                                "spi2": {
                                    "addressOffset": "0x0018",
                                    "description": "The priority for SPI 2 global interrupt",
                                    "registers": {
                                        "priority": {
                                            "description": "The Priority Register",
                                            "addressOffset": "0x0000",
                                            "fields": {
                                                "value": {
                                                    "description": "The priority value",
                                                    "bitOffset": "0",
                                                    "bitWidth": "2",
                                                    "resetMask": "all",
                                                    "resetValue": "0x0"
                                                }
                                            }
                                        }
                                    }
                                },
                                "i2c0": {
                                    "addressOffset": "0x0020",
                                    "description": "The priority for I2C 0 global interrupt",
                                    "registers": {
                                        "priority": {
                                            "description": "The Priority Register",
                                            "addressOffset": "0x0000",
                                            "fields": {
                                                "value": {
                                                    "description": "The priority value",
                                                    "bitOffset": "0",
                                                    "bitWidth": "2",
                                                    "resetMask": "all",
                                                    "resetValue": "0x0"
                                                }
                                            }
                                        }
                                    }
                                },
                                "i2c1": {
                                    "addressOffset": "0x0024",
                                    "description": "The priority for I2C 1 global interrupt",
                                    "registers": {
                                        "priority": {
                                            "description": "The Priority Register",
                                            "addressOffset": "0x0000",
                                            "fields": {
                                                "value": {
                                                    "description": "The priority value",
                                                    "bitOffset": "0",
                                                    "bitWidth": "2",
                                                    "resetMask": "all",
                                                    "resetValue": "0x0"
                                                }
                                            }
                                        }
                                    }
                                },
                                "i2c2": {
                                    "addressOffset": "0x0028",
                                    "description": "The priority for I2C 2 global interrupt",
                                    "registers": {
                                        "priority": {
                                            "description": "The Priority Register",
                                            "addressOffset": "0x0000",
                                            "fields": {
                                                "value": {
                                                    "description": "The priority value",
                                                    "bitOffset": "0",
                                                    "bitWidth": "2",
                                                    "resetMask": "all",
                                                    "resetValue": "0x0"
                                                }
                                            }
                                        }
                                    }
                                },
                                "gpio0i0": {
                                    "addressOffset": "0x0030",
                                    "description": "The priority for GPIO 0 Interrupt 0 global interrupt",
                                    "registers": {
                                        "priority": {
                                            "description": "The Priority Register",
                                            "addressOffset": "0x0000",
                                            "fields": {
                                                "value": {
                                                    "description": "The priority value",
                                                    "bitOffset": "0",
                                                    "bitWidth": "2",
                                                    "resetMask": "all",
                                                    "resetValue": "0x0"
                                                }
                                            }
                                        }
                                    }
                                },
                                "gpio0i1": {
                                    "addressOffset": "0x0034",
                                    "description": "The priority for GPIO 0 Interrupt 1 global interrupt",
                                    "registers": {
                                        "priority": {
                                            "description": "The Priority Register",
                                            "addressOffset": "0x0000",
                                            "fields": {
                                                "value": {
                                                    "description": "The priority value",
                                                    "bitOffset": "0",
                                                    "bitWidth": "2",
                                                    "resetMask": "all",
                                                    "resetValue": "0x0"
                                                }
                                            }
                                        }
                                    }
                                },
                                "gpio1i0": {
                                    "addressOffset": "0x0038",
                                    "description": "The priority for GPIO 1 Interrupt 0 global interrupt",
                                    "registers": {
                                        "priority": {
                                            "description": "The Priority Register",
                                            "addressOffset": "0x0000",
                                            "fields": {
                                                "value": {
                                                    "description": "The priority value",
                                                    "bitOffset": "0",
                                                    "bitWidth": "2",
                                                    "resetMask": "all",
                                                    "resetValue": "0x0"
                                                }
                                            }
                                        }
                                    }
                                },
                                "gpio1i1": {
                                    "addressOffset": "0x003C",
                                    "description": "The priority for GPIO 1 Interrupt 1 global interrupt",
                                    "registers": {
                                        "priority": {
                                            "description": "The Priority Register",
                                            "addressOffset": "0x0000",
                                            "fields": {
                                                "value": {
                                                    "description": "The priority value",
                                                    "bitOffset": "0",
                                                    "bitWidth": "2",
                                                    "resetMask": "all",
                                                    "resetValue": "0x0"
                                                }
                                            }
                                        }
                                    }
                                },
                                "userIntA": {
                                    "addressOffset": "0x0040",
                                    "description": "The priority for User Interrupt A global interrupt",
                                    "registers": {
                                        "priority": {
                                            "description": "The Priority Register",
                                            "addressOffset": "0x0000",
                                            "fields": {
                                                "value": {
                                                    "description": "The priority value",
                                                    "bitOffset": "0",
                                                    "bitWidth": "2",
                                                    "resetMask": "all",
                                                    "resetValue": "0x0"
                                                }
                                            }
                                        }
                                    }
                                },
                                "userIntB": {
                                    "addressOffset": "0x0044",
                                    "description": "The priority for User Interrupt B global interrupt",
                                    "registers": {
                                        "priority": {
                                            "description": "The Priority Register",
                                            "addressOffset": "0x0000",
                                            "fields": {
                                                "value": {
                                                    "description": "The priority value",
                                                    "bitOffset": "0",
                                                    "bitWidth": "2",
                                                    "resetMask": "all",
                                                    "resetValue": "0x0"
                                                }
                                            }
                                        }
                                    }
                                },
                                "userIntC": {
                                    "addressOffset": "0x0058",
                                    "description": "The priority for User Interrupt C global interrupt",
                                    "registers": {
                                        "priority": {
                                            "description": "The Priority Register",
                                            "addressOffset": "0x0000",
                                            "fields": {
                                                "value": {
                                                    "description": "The priority value",
                                                    "bitOffset": "0",
                                                    "bitWidth": "2",
                                                    "resetMask": "all",
                                                    "resetValue": "0x0"
                                                }
                                            }
                                        }
                                    }
                                },
                                "userIntD": {
                                    "addressOffset": "0x005C",
                                    "description": "The priority for User Interrupt D global interrupt",
                                    "registers": {
                                        "priority": {
                                            "description": "The Priority Register",
                                            "addressOffset": "0x0000",
                                            "fields": {
                                                "value": {
                                                    "description": "The priority value",
                                                    "bitOffset": "0",
                                                    "bitWidth": "2",
                                                    "resetMask": "all",
                                                    "resetValue": "0x0"
                                                }
                                            }
                                        }
                                    }
                                },
                                "userIntE": {
                                    "addressOffset": "0x0060",
                                    "description": "The priority for User Interrupt E global interrupt",
                                    "registers": {
                                        "priority": {
                                            "description": "The Priority Register",
                                            "addressOffset": "0x0000",
                                            "fields": {
                                                "value": {
                                                    "description": "The priority value",
                                                    "bitOffset": "0",
                                                    "bitWidth": "2",
                                                    "resetMask": "all",
                                                    "resetValue": "0x0"
                                                }
                                            }
                                        }
                                    }
                                },
                                "userIntF": {
                                    "addressOffset": "0x0064",
                                    "description": "The priority for User Interrupt F global interrupt",
                                    "registers": {
                                        "priority": {
                                            "description": "The Priority Register",
                                            "addressOffset": "0x0000",
                                            "fields": {
                                                "value": {
                                                    "description": "The priority value",
                                                    "bitOffset": "0",
                                                    "bitWidth": "2",
                                                    "resetMask": "all",
                                                    "resetValue": "0x0"
                                                }
                                            }
                                        }
                                    }
                                },
                                "userIntG": {
                                    "addressOffset": "0x0068",
                                    "description": "The priority for User Interrupt G global interrupt",
                                    "registers": {
                                        "priority": {
                                            "description": "The Priority Register",
                                            "addressOffset": "0x0000",
                                            "fields": {
                                                "value": {
                                                    "description": "The priority value",
                                                    "bitOffset": "0",
                                                    "bitWidth": "2",
                                                    "resetMask": "all",
                                                    "resetValue": "0x0"
                                                }
                                            }
                                        }
                                    }
                                },
                                "userIntH": {
                                    "addressOffset": "0x006C",
                                    "description": "The priority for User Interrupt H global interrupt",
                                    "registers": {
                                        "priority": {
                                            "description": "The Priority Register",
                                            "addressOffset": "0x0000",
                                            "fields": {
                                                "value": {
                                                    "description": "The priority value",
                                                    "bitOffset": "0",
                                                    "bitWidth": "2",
                                                    "resetMask": "all",
                                                    "resetValue": "0x0"
                                                }
                                            }
                                        }
                                    }
                                },
                                "axiA": {
                                    "addressOffset": "0x0078",
                                    "description": "The priority for AXI A Interface global interrupt",
                                    "registers": {
                                        "priority": {
                                            "description": "The Priority Register",
                                            "addressOffset": "0x0000",
                                            "fields": {
                                                "value": {
                                                    "description": "The priority value",
                                                    "bitOffset": "0",
                                                    "bitWidth": "2",
                                                    "resetMask": "all",
                                                    "resetValue": "0x0"
                                                }
                                            }
                                        }
                                    }
                                }
                            }
                        },
                        "enablestarget0": {
                            "description": "Hart 0 Interrupt Enable Bits",
                            "addressOffset": "0x00002000",
                            "clusters": {
                                "m": {
                                    "addressOffset": "0x0000",
                                    "description": "Hart 0 M-mode Interrupt Enable Bits",
                                    "registers": {
                                        "enables": {
                                            "description": "Interrupt Enable Bits Registers",
                                            "addressOffset": "0x0000",
                                            "fields": {
                                                "userInterruptA": {
                                                    "description": "User Interrupt A Enable Bit",
                                                    "bitOffset": "1",
                                                    "bitWidth": "1"
                                                },
                                                "userInterruptB": {
                                                    "description": "User Interrupt B Enable Bit",
                                                    "bitOffset": "2",
                                                    "bitWidth": "1"
                                                },
                                                "userInterruptC": {
                                                    "description": "User Interrupt C Enable Bit",
                                                    "bitOffset": "3",
                                                    "bitWidth": "1"
                                                },
                                                "userInterruptD": {
                                                    "description": "User Interrupt D Enable Bit",
                                                    "bitOffset": "4",
                                                    "bitWidth": "1"
                                                },
                                                "userInterruptE": {
                                                    "description": "User Interrupt E Enable Bit",
                                                    "bitOffset": "5",
                                                    "bitWidth": "1"
                                                },
                                                "userInterruptF": {
                                                    "description": "User Interrupt F Enable Bit",
                                                    "bitOffset": "6",
                                                    "bitWidth": "1"
                                                },
                                                "userInterruptG": {
                                                    "description": "User Interrupt G Enable Bit",
                                                    "bitOffset": "7",
                                                    "bitWidth": "1"
                                                },
                                                "userInterruptH": {
                                                    "description": "User Interrupt H Enable Bit",
                                                    "bitOffset": "8",
                                                    "bitWidth": "1"
                                                },
                                                "userInterruptI": {
                                                    "description": "User Interrupt I Enable Bit",
                                                    "bitOffset": "9",
                                                    "bitWidth": "1"
                                                },
                                                "userInterruptJ": {
                                                    "description": "User Interrupt J Enable Bit",
                                                    "bitOffset": "10",
                                                    "bitWidth": "1"
                                                },
                                                "userInterruptK": {
                                                    "description": "User Interrupt K Enable Bit",
                                                    "bitOffset": "11",
                                                    "bitWidth": "1"
                                                },
                                                "userInterruptL": {
                                                    "description": "User Interrupt L Enable Bit",
                                                    "bitOffset": "12",
                                                    "bitWidth": "1"
                                                },
                                                "userInterruptM": {
                                                    "description": "User Interrupt M Enable Bit",
                                                    "bitOffset": "13",
                                                    "bitWidth": "1"
                                                },
                                                "userInterruptN": {
                                                    "description": "User Interrupt N Enable Bit",
                                                    "bitOffset": "14",
                                                    "bitWidth": "1"
                                                },
                                                "userInterruptO": {
                                                    "description": "User Interrupt O Enable Bit",
                                                    "bitOffset": "15",
                                                    "bitWidth": "1"
                                                },
                                                "userInterruptP": {
                                                    "description": "User Interrupt P Enable Bit",
                                                    "bitOffset": "16",
                                                    "bitWidth": "1"
                                                },
                                                "userInterruptQ": {
                                                    "description": "User Interrupt Q Enable Bit",
                                                    "bitOffset": "17",
                                                    "bitWidth": "1"
                                                },
                                                "userInterruptR": {
                                                    "description": "User Interrupt R Enable Bit",
                                                    "bitOffset": "18",
                                                    "bitWidth": "1"
                                                },
                                                "userInterruptS": {
                                                    "description": "User Interrupt S Enable Bit",
                                                    "bitOffset": "19",
                                                    "bitWidth": "1"
                                                },
                                                "userInterruptT": {
                                                    "description": "User Interrupt T Enable Bit",
                                                    "bitOffset": "20",
                                                    "bitWidth": "1"
                                                },
                                                "userInterruptU": {
                                                    "description": "User Interrupt U Enable Bit",
                                                    "bitOffset": "21",
                                                    "bitWidth": "1"
                                                },
                                                "userInterruptV": {
                                                    "description": "User Interrupt V Enable Bit",
                                                    "bitOffset": "22",
                                                    "bitWidth": "1"
                                                },
                                                "userInterruptW": {
                                                    "description": "User Interrupt W Enable Bit",
                                                    "bitOffset": "23",
                                                    "bitWidth": "1"
                                                },
                                                "userInterruptX": {
                                                    "description": "User Interrupt X Enable Bit",
                                                    "bitOffset": "24",
                                                    "bitWidth": "1"
                                                },
                                                "axiA": {
                                                    "description": "AXI A Interrupt Enable Bit",
                                                    "bitOffset": "30",
                                                    "bitWidth": "1"
                                                },
                                                "userTim0": {
                                                    "description": "User Timer 0 Interrupt Enable Bit",
                                                    "bitOffset": "50",
                                                    "bitWidth": "1"
                                                },
                                                "userTim1": {
                                                    "description": "User Timer 1 Interrupt Enable Bit",
                                                    "bitOffset": "49",
                                                    "bitWidth": "1"
                                                }
                                            }
                                        }
                                    }
                                }
                            }
                        },
                        "target0": {
                            "description": "Hart 0 Interrupt Thresholds",
                            "addressOffset": "0x00200000",
                            "clusters": {
                                "m": {
                                    "addressOffset": "0x0000",
                                    "description": "Hart 0 M-Mode Interrupt Threshold",
                                    "registers": {
                                        "threshold": {
                                            "description": "The Priority Threshold Register",
                                            "addressOffset": "0x0000",
                                            "fields": {
                                                "value": {
                                                    "description": "The priority threshold value",
                                                    "bitOffset": "0",
                                                    "bitWidth": "2",
                                                    "resetMask": "all",
                                                    "resetValue": "0x0"
                                                }
                                            }
                                        },
                                        "claimcomplete": {
                                            "description": "The Interrupt Claim/Completion Register",
                                            "addressOffset": "0x0004",
                                            "fields": {
                                                "value": {
                                                    "description": "The Interrupt Claim/Completion value",
                                                    "bitOffset": "0",
                                                    "bitWidth": "5",
                                                    "resetMask": "all",
                                                    "resetValue": "0x0"
                                                }
                                            }
                                        }
                                    }
                                }
                            }
                        }
                    },
                    "interrupts": {
                        "userInterruptA": {
                            "description": "User Interrupt A",
                            "value": "1"
                        },
                        "userInterruptB": {
                            "description": "User Interrupt B",
                            "value": "2"
                        },
                        "userInterruptC": {
                            "description": "User Interrupt C",
                            "value": "3"
                        },
                        "userInterruptD": {
                            "description": "User Interrupt D",
                            "value": "4"
                        },
                        "userInterruptE": {
                            "description": "User Interrupt E",
                            "value": "5"
                        },
                        "userInterruptF": {
                            "description": "User Interrupt F",
                            "value": "6"
                        },
                        "userInterruptG": {
                            "description": "User Interrupt G",
                            "value": "7"
                        },
                        "userInterruptH": {
                            "description": "User Interrupt H",
                            "value": "8"
                        },
                        "userInterruptI": {
                            "description": "User Interrupt I",
                            "value": "9"
                        },
                        "userInterruptJ": {
                            "description": "User Interrupt J",
                            "value": "10"
                        },
                        "userInterruptK": {
                            "description": "User Interrupt K",
                            "value": "11"
                        },
                        "userInterruptL": {
                            "description": "User Interrupt L",
                            "value": "12"
                        },
                        "userInterruptM": {
                            "description": "User Interrupt M",
                            "value": "13"
                        },
                        "userInterruptN": {
                            "description": "User Interrupt N",
                            "value": "14"
                        },
                        "userInterruptO": {
                            "description": "User Interrupt O",
                            "value": "15"
                        },
                        "userInterruptP": {
                            "description": "User Interrupt P",
                            "value": "16"
                        },
                        "userInterruptQ": {
                            "description": "User Interrupt Q",
                            "value": "17"
                        },
                        "userInterruptR": {
                            "description": "User Interrupt R",
                            "value": "18"
                        },
                        "userInterruptS": {
                            "description": "User Interrupt S",
                            "value": "19"
                        },
                        "userInterruptT": {
                            "description": "User Interrupt T",
                            "value": "20"
                        },
                        "userInterruptU": {
                            "description": "User Interrupt U",
                            "value": "21"
                        },
                        "userInterruptV": {
                            "description": "User Interrupt V",
                            "value": "22"
                        },
                        "userInterruptW": {
                            "description": "User Interrupt W",
                            "value": "23"
                        },
                        "userInterruptX": {
                            "description": "User Interrupt X",
                            "value": "24"
                        }
                    }
                },
                "uart0": {
                    "description": "Universal Asynchronous Receiver/Transmitter (UART) 0 Peripheral",
                    "baseAddress": "0xe8010000",
                    "size": "0x40",
                    "resetMask": "none",
                    "groupName": "uart",
                    "registers": {
                        "data": {
                            "description": "Transmit Data Register",
                            "addressOffset": "0x0000",
                            "fields": {
                                "data": {
                                    "description": "Transmit/ Receive data",
                                    "bitOffset": "0",
                                    "bitWidth": "8"
                                },
                                "dataValid": {
                                    "description": "Read data valid",
                                    "bitOffset": "16",
                                    "bitWidth": "1",
                                    "access": "r"
                                }
                            }
                        },
                        "status": {
                            "description": "Status Register",
                            "addressOffset": "0x0004",
                            "fields": {
                                "txInterruptEnable": {
                                    "description": "Enable interrupt when TX FIFO is empty",
                                    "bitOffset": "0",
                                    "bitWidth": "1"
                                },
                                "rxInterruptEnable": {
                                    "description": "Enable interrupt when RX FIFO is not empty",
                                    "bitOffset": "1",
                                    "bitWidth": "1"
                                },
                                "txInterrupt": {
                                    "description": "Interrupt when TX FIFO is empty",
                                    "bitOffset": "8",
                                    "bitWidth": "1",
                                    "access": "r"
                                },
                                "rxInterrupt": {
                                    "description": "Interrupt when RX FIFO is not empty",
                                    "bitOffset": "9",
                                    "bitWidth": "1",
                                    "access": "r"
                                },
                                "writeBusy": {
                                    "description": "Write operation in progress",
                                    "bitOffset": "15",
                                    "bitWidth": "1",
                                    "access": "r"
                                },
                                "writeAvailability": {
                                    "description": "UART FIFO availability",
                                    "bitOffset": "16",
                                    "bitWidth": "8",
                                    "access": "r"
                                },
                                "readOccupancy": {
                                    "description": "UART FIFO occupancy",
                                    "bitOffset": "24",
                                    "bitWidth": "8",
                                    "access": "r"
                                }
                            }
                        },
                        "clockDivider": {
                            "description": "Clock Divider Register",
                            "addressOffset": "0x0008",
                            "fields": {
                                "divFac": {
                                    "description": "Divider factor for UART baud rate",
                                    "bitOffset": "0",
                                    "bitWidth": "20",
                                    "access": "w"
                                }
                            }
                        },
                        "config": {
                            "description": "Config Register",
                            "addressOffset": "0x000C",
                            "fields": {
                                "dataLen": {
                                    "description": "Data length",
                                    "bitOffset": "0",
                                    "bitWidth": "3",
                                    "access": "w"
                                },
                                "parity": {
                                    "description": "Parity bit number; 0: None; 1: Even; 2: Odd",
                                    "bitOffset": "8",
                                    "bitWidth": "2",
                                    "access": "w"
                                },
                                "stop": {
                                    "description": "Stop bit number",
                                    "bitOffset": "16",
                                    "bitWidth": "1",
                                    "access": "w"
                                }
                            }
                        },
                        "errorBreak": {
                            "description": "Error Break Register",
                            "addressOffset": "0x0010",
                            "fields": {
                                "readError": {
                                    "description": "Read error. Write 1 to reset error",
                                    "bitOffset": "0",
                                    "bitWidth": "1"
                                },
                                "readOverflow": {
                                    "description": "Read overflow error. Write 1 to reset error",
                                    "bitOffset": "1",
                                    "bitWidth": "1"
                                },
                                "readBreak": {
                                    "description": "Read break occur",
                                    "bitOffset": "8",
                                    "bitWidth": "1",
                                    "access": "r"
                                },
                                "breakDetect": {
                                    "description": "Break detected during read operation. Write 1 to reset error",
                                    "bitOffset": "9",
                                    "bitWidth": "1"
                                },
                                "enableBreak": {
                                    "description": "Enable break",
                                    "bitOffset": "10",
                                    "bitWidth": "1",
                                    "access": "w"
                                },
                                "disableBreak": {
                                    "description": "Disable break",
                                    "bitOffset": "11",
                                    "bitWidth": "1",
                                    "access": "w"
                                }
                            }
                        }
                    },
                    "interrupts": {
                        "uart0": {
                            "description": "UART0 Interrupt",
                            "value": "SYSTEM_PLIC_USER_INTERRUPT_A_INTERRUPT"
                        }
                    }
                },
                "spi0": {
                    "description": "Serial Peripheral Interface (SPI) 0 Peripheral",
                    "baseAddress": "0xe8030000",
                    "size": "0x1000",
                    "resetMask": "none",
                    "groupName": "spi",
                    "registers": {
                        "cmd": {
                            "description": "Command Register",
                            "addressOffset": "0x0000",
                            "fields": {
                                "data": {
                                    "description": "FIFO data value transmit/receive",
                                    "bitOffset": "0",
                                    "bitWidth": "8"
                                },
                                "wr": {
                                    "description": "Write trigger",
                                    "bitOffset": "8",
                                    "bitWidth": "1",
                                    "access": "w"
                                },
                                "rd": {
                                    "description": "Read trigger",
                                    "bitOffset": "9",
                                    "bitWidth": "1",
                                    "access": "w"
                                },
                                "ss": {
                                    "description": "SPI chip select. Configure up to 8 chip select ID numbers",
                                    "bitOffset": "11",
                                    "bitWidth": "3"
                                }
                            }
                        },
                        "rsp": {
                            "description": "Response Register",
                            "addressOffset": "0x0004",
                            "fields": {
                                "fifoAvailability": {
                                    "description": "FIFO availability",
                                    "bitOffset": "0",
                                    "bitWidth": "9",
                                    "access": "r"
                                },
                                "fifoOccupancy": {
                                    "description": "FIFO Occupancy",
                                    "bitOffset": "16",
                                    "bitWidth": "9",
                                    "access": "r"
                                }
                            }
                        },
                        "config": {
                            "description": "Config Register",
                            "addressOffset": "0x0008",
                            "fields": {
                                "cpol": {
                                    "description": "Clock polarity setting",
                                    "bitOffset": "0",
                                    "bitWidth": "1",
                                    "access": "w"
                                },
                                "cpha": {
                                    "description": "Clock phase setting",
                                    "bitOffset": "1",
                                    "bitWidth": "1",
                                    "access": "w"
                                },
                                "mode": {
                                    "description": "SPI Mode selection. 0: Full duplex dual line. 1: Half-duplex dual line. 2: Half-duplex quad line",
                                    "bitOffset": "4",
                                    "bitWidth": "2",
                                    "access": "w"
                                }
                            }
                        },
                        "interrupt": {
                            "description": "Interrupt Register",
                            "addressOffset": "0x000C",
                            "fields": {
                                "cmdIntEn": {
                                    "description": "Command FIFO empty interrupt enable",
                                    "bitOffset": "0",
                                    "bitWidth": "1"
                                },
                                "rspIntEn": {
                                    "description": "Read FIFO not empty interrupt enable",
                                    "bitOffset": "1",
                                    "bitWidth": "1"
                                },
                                "cmdInt": {
                                    "description": "Command FIFO empty interrupt pending",
                                    "bitOffset": "8",
                                    "bitWidth": "1"
                                },
                                "rspInt": {
                                    "description": "Read FIFO not empty interrupt pending",
                                    "bitOffset": "9",
                                    "bitWidth": "1"
                                },
                                "cmdValid": {
                                    "description": "Command FIFO is not empty",
                                    "bitOffset": "16",
                                    "bitWidth": "1",
                                    "access": "r"
                                }
                            }
                        },
                        "clkDiv": {
                            "description": "Clock Divider Register",
                            "addressOffset": "0x0020",
                            "fields": {
                                "clkDiv": {
                                    "description": "Clock divider, SPI frequency = FCLK / ((clockDivider+1)*2",
                                    "bitOffset": "0",
                                    "bitWidth": "12",
                                    "access": "w"
                                }
                            }
                        },
                        "ssSetup": {
                            "description": "ssSetup Register",
                            "addressOffset": "0x0024",
                            "fields": {
                                "ssSetup": {
                                    "description": "Time between the chip select enable and the next byte",
                                    "bitOffset": "0",
                                    "bitWidth": "12",
                                    "access": "w"
                                }
                            }
                        },
                        "ssHold": {
                            "description": "ssHold Register",
                            "addressOffset": "0x0028",
                            "fields": {
                                "ssHold": {
                                    "description": "Time between the last byte transmission and the chip select disable",
                                    "bitOffset": "0",
                                    "bitWidth": "12",
                                    "access": "w"
                                }
                            }
                        },
                        "ssDisable": {
                            "description": "ssDisable Register",
                            "addressOffset": "0x002C",
                            "fields": {
                                "ssDisable": {
                                    "description": "Time between the chip select disable and the chip select enable",
                                    "bitOffset": "0",
                                    "bitWidth": "12",
                                    "access": "w"
                                }
                            }
                        },
                        "ssActiveHigh": {
                            "description": "ssActiveHigh Register",
                            "addressOffset": "0x0030",
                            "fields": {
                                "ssActiveHigh": {
                                    "description": "These bits correspond to the hardware SPI chip select. 0: Chip select is active low. 1: Chip select is active high.",
                                    "bitOffset": "0",
                                    "bitWidth": "8",
                                    "access": "w"
                                }
                            }
                        },
                        "cmd32_0": {
                            "description": "cmd32_0 Register. Large data transmit",
                            "addressOffset": "0x0050",
                            "fields": {
                                "data": {
                                    "description": "Trigger to transmit data. The data width is configurable up to 16 bits.",
                                    "bitOffset": "0",
                                    "bitWidth": "16",
                                    "access": "w"
                                }
                            }
                        },
                        "cmd32_1": {
                            "description": "cmd32_1 Register. Large data transmit",
                            "addressOffset": "0x0054",
                            "fields": {
                                "data": {
                                    "description": "Trigger to transmit data. The data width is configurable up to 16 bits.",
                                    "bitOffset": "0",
                                    "bitWidth": "16",
                                    "access": "w"
                                }
                            }
                        },
                        "rsp32": {
                            "description": "rsp32 Register. Large data transmit",
                            "addressOffset": "0x0058",
                            "fields": {
                                "data": {
                                    "description": "Trigger to receive data. The data width is configurable up to 16 bits.",
                                    "bitOffset": "0",
                                    "bitWidth": "16",
                                    "access": "w"
                                }
                            }
                        }
                    },
                    "interrupts": {
                        "spi0": {
                            "description": "SPI0 Interrupt",
                            "value": "SYSTEM_PLIC_USER_INTERRUPT_B_INTERRUPT"
                        }
                    }
                },
                "timer0": {
                    "description": "User Timer 0 Peripheral",
                    "baseAddress": "0xF8015000",
                    "size": "0x1000",
                    "registers": {
                        "Prescaler": {
                            "description": "Prescaler Register",
                            "addressOffset": "0x0000",
                            "fields": {
                                "prescalerValue": {
                                    "description": "The clock divider ratio",
                                    "bitOffset": "0",
                                    "bitWidth": "16"
                                }
                            }
                        },
                        "timerConfig": {
                            "description": "Prescaler Register",
                            "addressOffset": "0x0040",
                            "fields": {
                                "withPrescaler": {
                                    "description": "Run timer with prescaler",
                                    "bitOffset": "0",
                                    "bitWidth": "1"
                                },
                                "withoutPrescaler": {
                                    "description": "Run timer without prescaler",
                                    "bitOffset": "1",
                                    "bitWidth": "1"
                                },
                                "selfRestart": {
                                    "description": "self-restart when reach timer limit",
                                    "bitOffset": "16",
                                    "bitWidth": "1"
                                }
                            }
                        },
                        "timerLimit": {
                            "description": "Timer Limit Register",
                            "addressOffset": "0x0044",
                            "fields": {
                                "limitValue": {
                                    "description": "Value for the timer to an generate output pulse",
                                    "bitOffset": "0",
                                    "bitWidth": "32"
                                }
                            }
                        },
                        "timerValue": {
                            "description": "Timer Value Register",
                            "addressOffset": "0x0048",
                            "fields": {
                                "timerValue": {
                                    "description": "Value of the increment counter when it detects a timer tick",
                                    "bitOffset": "0",
                                    "bitWidth": "32"
                                }
                            }
                        }
                    },
                    "interrupts": {
                        "userTimer0": {
                            "description": "User Timer Interrupt 0",
                            "value": "22"
                        }
                    }
                },
                "timer1": {
                    "description": "User Timer 1 Peripheral",
                    "baseAddress": "0xF8016000",
                    "size": "0x1000",
                    "registers": {
                        "Prescaler": {
                            "description": "Prescaler Register",
                            "addressOffset": "0x0000",
                            "fields": {
                                "prescalerValue": {
                                    "description": "The clock divider ratio",
                                    "bitOffset": "0",
                                    "bitWidth": "16"
                                }
                            }
                        },
                        "timerConfig": {
                            "description": "Prescaler Register",
                            "addressOffset": "0x0040",
                            "fields": {
                                "withPrescaler": {
                                    "description": "Run timer with prescaler",
                                    "bitOffset": "0",
                                    "bitWidth": "1"
                                },
                                "withoutPrescaler": {
                                    "description": "Run timer without prescaler",
                                    "bitOffset": "1",
                                    "bitWidth": "1"
                                },
                                "selfRestart": {
                                    "description": "self-restart when reach timer limit",
                                    "bitOffset": "16",
                                    "bitWidth": "1"
                                }
                            }
                        },
                        "timerLimit": {
                            "description": "Timer Limit Register",
                            "addressOffset": "0x0044",
                            "fields": {
                                "limitValue": {
                                    "description": "Value for the timer to an generate output pulse",
                                    "bitOffset": "0",
                                    "bitWidth": "32"
                                }
                            }
                        },
                        "timerValue": {
                            "description": "Timer Value Register",
                            "addressOffset": "0x0048",
                            "fields": {
                                "timerValue": {
                                    "description": "Value of the increment counter when it detects a timer tick",
                                    "bitOffset": "0",
                                    "bitWidth": "32"
                                }
                            }
                        }
                    },
                    "interrupts": {
                        "userTimer1": {
                            "description": "User Timer Interrupt 1",
                            "value": "23"
                        }
                    }
                }
            }
        }
    }
}