{
    "PLL": {
        "PLL_SOC_SYS_CLK_NAME": {
            "PLL_SOC_SYS_CLK_NAME": "soc_pll_sys_clk"
        },
        "PLL_SOC_MEM_CLK_NAME": {
            "PLL_SOC_MEM_CLK_NAME": "soc_pll_peri_clk"
        }
    },
    "GPIO": {
        "UART": [
            "system_uart_0_io_rxd",
            "system_uart_0_io_txd"
        ],
        "SPI": [
            "system_spi_0_io_data_0",
            "system_spi_0_io_data_1",
            "system_spi_0_io_sclk_write",
            "system_spi_0_io_ss"
        ],
        "I2C": [],
        "JTAG": [],
        "GPIO": [
            "io_gpio_sw_n",
            "soc_pll_peri_clk_ext_clk",
            "soc_pll_sys_clk_ext_clk"
        ]
    },
    "DDR": {
        "DDR_PIN_NAME": {
            "DDR_PIN_NAME": "soc_ddr_inst1"
        }
    },
    "SOC": {
        "SOC_PIN_NAME": {
            "SOC_PIN_NAME": "qcrv32_inst1"
        }
    },
    "JTAG": {
        "HARD_JTAG_INST_NAME": {
            "HARD_JTAG_INST_NAME": "soc_jtag_inst1"
        }
    }
}